gene0,gene1,gene2,gene3,gene4,gene5,gene6,gene7,gene8,gene9,gene10,gene11,gene12,gene13,gene14,gene15,gene16,gene17,gene18,gene19,gene20,gene21,gene22,gene23,gene24,gene25,gene26,gene27,gene28,gene29,gene30,gene31,gene32,gene33,gene34,gene35,gene36,gene37,gene38,gene39,gene40,gene41,gene42,gene43,gene44,gene45,gene46,gene47,gene48,gene49
-0.4813258203163179,-0.3602691255034693,0.7947154940141934,-0.23276305294422184,1.4738000591253957,-0.6163991595398801,-0.21158035642162204,-0.6310986974808575,-1.1939447412221347,-1.4328209819756734,0.23449455516716788,0.5595260513388184,0.08858734357770807,-0.05874306626650899,1.5717773275610742,-0.8495304101327207,-0.1602731626714543,0.6699518908760584,-0.15436449423372683,-1.8503757173277808,-0.5531090666181707,2.117163086991302,0.3827358092629921,-1.6587358742941685,1.0061493079608035,1.3633753053647115,0.6074580926088844,0.1455402218821607,-1.318993896880696,-0.8192955790598927,0.05451596260217861,-0.269283912434319,0.7376939165292014,-0.6523009586178278,0.1837585297690796,-0.7546756756582874,0.17600632798496596,-1.6040447417628756,1.242057849459716,0.6678281776167138,-1.3229260911839962,-0.6964971028872387,0.37688746853891286,-1.07762841083099,-0.5701485791283003,1.638454950726749,-2.074662222539938,1.042728740293755,-0.19777825413146932,1.1800719860840858
-0.8994561996078105,0.23868909210332043,-0.4644372410838468,0.4861010476442568,0.7339547093426134,0.7716184925061474,0.20379358081782334,-1.113699078676782,0.4696612665976557,1.4586130224025013,-0.05625377360936037,-0.4520200700303339,-0.2818544968697115,0.43870508228638355,0.9602550556844268,-1.0518017622796247,0.9046616963536382,0.42391604991353765,0.098781250249227,-0.22614421348583488,-0.1777074838185101,-0.45766323587927343,1.3558451236553786,-0.29625073624582043,-1.1684405402872575,-0.3661312267571607,1.54624295641276,1.1773921429257408,-0.16448297086613445,0.9279150224447286,-1.895578500449255,-1.4482286211830029,0.8065098114455906,-0.4879895667221322,0.2698236777715989,-0.8848573353446956,0.5051908140212068,0.24565696727414957,-0.5182926207644256,1.408444137032122,0.2094186109442851,-0.5882519350539885,0.4808881734775129,-1.4648520157214744,-0.6804843320426844,-1.6599822823385955,-0.6163763204013132,-1.5616590626963796,0.2789214697546356,-1.6762295420349782
1.8867990296585533,0.43711539826187484,1.5275261083918017,-0.6503857594259393,-0.15090154447534618,-0.333004145368549,-0.005184342173360584,0.06328568425608053,1.9199004131570845,-1.490720609924991,0.7354963552994036,-0.3348254492407017,1.2986476267480207,-1.55846354727525,-0.28356179611581256,0.5443825591751109,-0.709419444236312,-0.7082595313309022,-1.17783154168136,-0.6898649206697648,-1.2515675029645923,-0.7379865589787704,-0.30603553372884446,-0.8987629713821377,-0.9454596542457165,-1.7996191763797893,-0.2114194834239658,-0.3326711087415385,0.8746022835959794,-0.048871701918260076,-0.10012070893153606,-0.7022571834208627,1.2739586509823453,0.5412538544816927,-2.093468229733017,-0.496381761488346,-0.4052288276183272,-1.0459363999617874,-0.057742868835449754,-0.43490080595046854,-1.9478941801178158,1.532620345015259,-0.6052322293553232,-0.9682987032650363,-0.7613005408353445,0.02467437178650632,0.6982949020197283,-0.458706330988742,0.017733559192688677,-0.5943494937320873
-0.7962410849825982,-0.931162849488427,0.8440576192666972,-1.3599439019351285,0.13694718009432844,1.1986684506022047,-0.77996139332223,-0.7933043133241631,0.3589851045318416,-1.7617872492260507,0.7206401265163135,0.24218459411499246,0.6119787445659742,-1.6880306836694203,-0.4140468473386584,0.00872161649340929,0.17143905824286576,-1.2159866501556653,-1.0390334138264739,-0.505704680382871,0.4467357894346433,2.020260920066035,1.7732736008997727,0.71285840728924,0.2886903881714384,0.724016551794578,1.6682143671545324,0.4366837288926747,0.3581215639271364,1.0152954905440525,0.028170886866413787,-0.4422894528692366,-1.3478535276835122,-0.8679496173004896,-0.15154170863623187,-0.4783209538894763,0.7444526161833647,1.8945176254619882,0.3449096334607867,-1.1940058715657753,0.5677622219394364,-0.6861189236945122,-0.6024198853668203,1.0737308672138794,0.19958317234443831,0.5902279027369708,0.3877416084297303,-1.365305807499841,0.30871392686731014,-0.059756313837730966
-1.2396701956275047,0.6971735559605663,0.45482555866218344,-1.4687012889106925,-1.1880364050551624,1.0495043626729466,-0.11946994046631167,1.0181001850967737,0.514556549147676,-0.39804797007446063,-0.44656398529649177,-0.13732645958300907,0.521776298359616,-0.6296696185363345,-1.4409957594235228,1.390524781671343,0.3121013616764036,2.0839166837617467,0.24784819254210633,-2.7977124117286474,-2.7781380480118116,0.8802957387418897,-1.03103679246403,1.1091230703239443,1.248796146494372,-1.7738783244047347,0.542807049369971,-2.1817586194858825,-1.0404783969285556,-0.8527246761725767,-1.093684950119367,-1.3228645401321297,0.8671967647534601,1.6522213941957113,0.984381679249277,-0.2548962717422791,-1.804309901415245,-0.14263742835028062,0.5711128238180778,-0.6575370026785176,1.2813639603094376,-0.6207101677161939,1.093619043636793,-0.4933712416529195,2.181563150497466,-1.4674712447392524,-0.5139048933597562,2.205979663258046,0.1966352216555118,-2.6332364347454575
-0.035857078088342716,-0.21240644234156542,0.6223726521496363,0.7230001900150712,0.5397386706041236,0.3511667966935171,-0.16577514657159345,0.1700959089692791,-1.7842444121356327,1.5066356462562003,-1.127877227527394,0.2280211645552883,-2.3640950094624293,0.47321742622795404,-3.0321370307644906,-0.2741668556720953,-1.1574561213178098,0.6647867845353198,0.6560787065023067,-1.6867637755184575,-1.580884006060195,1.8833035933278617,-0.6665331955433565,0.0481580129474306,-0.41854110001668965,-1.7831273686294373,0.16453878450314952,0.4934304576623979,-1.2498100514822814,-0.7928449857838177,-0.03704401056250141,-0.7386668923571718,1.749803771565419,0.06763238954864557,0.5623676678598849,0.8842467872192994,-0.26248575132667457,-0.007884890446340867,-0.7274153580830857,0.8410113068686358,-0.6486759757764499,0.540196547368222,-1.199943714379474,-0.5272474065614962,-0.15469198495452344,0.6190149537586975,-1.2875811184078787,0.6458752945592509,-1.8804537633039151,-1.036987684664111
-2.1729862091197183,2.0261422739379427,0.42415206535996275,-1.0699340751686044,-0.38454705131078165,1.1717990442411983,0.9370837106226646,1.2956229206419976,0.7501540604072775,1.9405988786533905,1.6879818884258218,0.8040737380696346,0.8502869368744636,-0.4397511172228361,0.8511157913167725,1.2985111285287902,-0.6004433770129032,-0.788202007341257,0.2448761492440951,-0.8295683221157344,-0.6092342455603498,-0.6299066627271794,0.4723334666286367,1.0764532599748198,-1.338055054108616,-0.057995493243192045,0.2176605631184008,0.25882578387148997,0.3701528382490032,-1.6740580362568624,-0.2637679241579323,-1.2681439463617152,-0.23599407998701502,1.87537787122939,-0.24827919931609455,0.19424371640532345,0.24986684855204863,0.8817903719438297,-0.9819994892470204,0.12152274781072589,0.22810313779055671,-0.2604723300030918,-0.4308405734396301,0.3140937950931734,-1.4423409502286326,-0.7275830940890639,-0.8876215359089019,2.394206615789606,0.25938415080765725,0.16929680429723584
0.2720394020715592,-0.279371912081136,0.6830304607780447,1.3679620092895524,0.8548321374649549,-0.15424331510368233,0.9447582726590303,-1.2521468859902447,0.18427747351175755,-0.007768645828742272,1.2111845340074676,-0.09458623521393378,1.9410362745324785,0.24282263149855418,-0.5807735200440823,1.028048310812583,1.293335101902806,0.9380248450681246,3.072943428129832,0.5529901622883917,1.5186611143049475,0.6276948909572238,0.7759393886990325,-0.06794480951030171,0.31842074829617745,1.4631950567179075,0.9049298821558338,0.41919400996944134,-0.05142469322270063,0.15097036309013673,-0.21224363222112005,1.0409615710728826,0.5379636860493119,-2.1016786819962436,1.3254395859511523,-0.638197070070099,1.6440510273811495,1.4624677390351521,-0.06789568966323954,2.041375455716204,0.5838472937958267,-0.12643391842277163,2.1335883792126933,2.4674188897947844,0.5234129056735747,0.5409637248049189,0.666750046837177,-0.5794590957498512,1.1725899196184835,0.918352216911922
-0.3846046052806261,0.7547219387288747,-1.9228838356221865,-0.36356483155790903,-0.8017335921792935,-1.006194025954801,-0.06127316722988298,-0.23889707652232992,-1.5294280949315395,-0.8964851459471332,-0.9394278568458616,1.8167476497645654,-1.9215536497424068,1.5246634077113974,0.737741768645343,-1.0601877324420093,0.7550814306231076,1.91941210746167,-1.2203149522313186,0.6885334575379779,0.1034687481097626,-0.623514402999135,-0.5399864390990473,-0.16710880368732828,0.8658474062002766,-1.1891580502106098,-1.1035116223848453,-1.048957163439369,0.29282069677874334,0.22304019404189948,-0.3419879141829543,-1.518596821901472,1.653931532274683,1.4120026945022408,-1.0817556945220537,0.5727506519830073,0.2713883436998664,-1.5668577005160895,0.9761881853021958,0.22685164755587378,-1.3275083557211413,1.4081717689761568,-0.49143075752198434,0.6660887347575419,0.8908933984684511,-1.0821169875829058,-1.43977410525611,0.5735305261379409,0.8791570579921898,-1.1053579793407777
-0.78574941238589,-0.3742839266986313,-0.937671741431406,-0.19075531864073092,1.1884193672143888,-1.7947766964374652,0.2343371520248208,0.527197744825663,1.6759690284128341,0.11776076115994272,-0.2896581388616315,1.2815318416645263,1.2426367163153456,1.2930387051403314,0.13111776160505093,0.672840561019539,0.8870725700010664,-0.2799819239687525,-0.2323602849424648,0.6211458903032279,-0.28497662589970474,1.0595532511225116,-0.3973187465238146,-0.1400845310869438,-0.5391834807256728,-0.6861301509215227,-0.20665924158446466,-0.3816355994294364,2.616858280302595,-0.4013425031579598,-0.7450063604275806,-1.0490678820256365,-0.08693532232539203,-0.2662953747825598,-1.067585297660968,-0.04641276739089986,0.8465710739001202,-0.462114464516798,0.7048840863711119,-0.45982074004555445,0.27746443044708347,1.3141754654807545,-1.1199777519781522,0.28757707610864675,1.791828828713232,1.118234710220656,-0.10630251806674242,-0.7038649252387308,-0.32437974611655584,-1.0227771301440427
0.09858870330035263,0.8162444326098509,-0.03408648145137776,0.5923869026976554,-0.9395297357082372,-0.3899335402571217,-0.78340288925992,0.34474845366460116,-0.07108525042262306,-0.9801104654391557,-1.7569337259504254,0.2573476874489202,0.43567506259835365,-0.6719479876059156,1.5838707571949608,0.6482015791013533,1.19850309926161,-0.9733905418342323,-0.378662927124363,1.7560772776460436,1.1505516939482414,0.29868468077224575,0.9113264373726846,-1.5273919609331446,-0.13601795578907508,-0.5661732435911415,-1.6431522561990577,1.3005547502773824,1.0199855427018483,1.6306725557150574,1.4629694764777241,-0.5857995546919906,0.7238596775223106,-0.8402072800574818,1.3602321422133419,0.026883813799150297,0.30266719136022646,0.08149048222416774,-0.21145852255910727,-0.07620065581254196,1.935689858481919,1.4089212169777323,-1.2595519466558962,-0.7898105428303018,-1.4219833297646225,0.40868442275449546,0.0007716964689383443,0.4957105894793491,-0.07236139033225983,0.4260592394196863
0.05286305640901413,-1.2596095823148066,-0.557608763300394,-0.18628913111475892,-0.06822343659397184,0.9063988963675143,1.6841708874209838,-1.5651071725874683,0.05052058115130252,0.8523871040117049,-0.7894376554930602,0.3081246539476103,-0.6710759845518987,0.4928787633947043,-0.8544280108096667,-1.8987095644306085,-0.5443897978914523,1.5198121421101902,1.5060876224415316,-0.3817255468267914,-0.5482934876747305,2.139947989292195,0.09019749480233555,0.5215126411229055,0.7476144371369869,1.4305389926289775,1.3941324157291661,1.0275766586933273,0.13782004083987573,-1.2958539826401096,-1.4982042978407915,-0.4580477791023952,-1.1400335398509447,-0.9131412664511256,-0.22670403412348147,-0.3201907408958436,-0.9479394161869578,0.8058329394181626,0.21149039710375972,-0.43581713712726194,0.43708930793714446,0.9767928269665266,0.533209194278488,0.4911010051735932,-1.283709427515027,-1.1790358308390099,1.174924543277165,0.1451481696909007,1.7026369488531197,-1.1359530789593841
-0.6025978288257567,0.8299101405241129,-1.2584425535038615,2.2129909129253234,1.5907206212549825,0.26540391269507707,-1.6300959986906813,-1.9971347663128676,-1.3740071793376336,0.13087040744683576,0.23996342519609148,-1.6801365067209215,0.3984704087986099,-1.0549292420466,-0.4326544147536056,-1.6893709905656986,0.7367212094268352,-0.3585773670304831,0.12779985833088403,-1.1193661248116913,0.26272974020658896,1.505434573355427,0.07704296622237794,0.3274986748871864,0.33922551109272076,1.1496214391507522,0.7253897740354198,0.14034922085443288,-0.3149084004689383,-1.2144982671637097,-0.28277958999792585,0.04935348188966056,-0.004831448708792749,-0.1254546689034565,0.43592592793108925,0.8080905756416065,0.9868173259074698,-2.19154577364651,0.343020065837418,1.3846222397001833,0.15247058439045316,-0.7840298897251466,0.9530633573159804,-0.6754729890499662,0.7627584948309929,-0.3315094327618679,1.4128296302688854,0.31875260838785346,0.40323971747644916,-0.33778514192404374
0.8579391565078867,0.4208505901828011,0.1868825824077583,0.7098039952830417,0.523788577793003,-0.2840777605737216,0.20763326232069562,-1.2487803121586734,-1.9617574758513872,1.0369440531184622,0.13449214032164386,-0.5781595327673221,-0.2762144112767431,-1.131678184052981,-0.8818475334669659,-1.7182783448060894,-0.7982054613357383,-1.2205500360046166,-0.5429734676096851,-0.5202097665477416,0.06718824199744482,-1.495610410440228,-0.6845732506748374,-0.354927560724489,1.455675514964358,-0.2500508350337518,-0.37044368682703593,-0.6642188745221168,0.056950751352434846,-1.479832229894013,-0.9782920861227469,-1.4345369906668783,0.8618455641026446,-0.9325233084795241,-0.3675940849870869,2.0392949333578336,-0.22647555353307028,-0.6620496791564465,-0.4356725484109548,-2.164492428286878,0.08426404546415495,-1.2164909875798111,-1.1708440692872588,-0.6982388467213089,0.7503407880755959,1.1198377472494698,0.8868191056406483,-1.227143560065599,-0.6822739580630947,0.49915637448398
-0.5685421333540537,-0.44427016611188763,0.6267882326819293,-0.43136938002415504,-0.9438963457241464,0.08852129490456705,-0.8940905340170364,0.5478844183974333,2.096202683474998,0.23412927901218014,1.7075019329241818,-0.030827706337747403,1.7794958017781712,-0.8035987943069158,0.29728888349013477,0.511800714610553,-1.5829824786157625,-0.2022400182425418,-0.6703824442969306,0.28219465617496226,-0.12377814385390015,0.3509000853155991,-0.5389306084754264,-0.443736120707576,-0.45130517667986414,-0.0161628406571095,-0.4458574338366891,-1.418672107830679,1.5608005874107953,0.5432958326719831,1.2972395783470527,-0.6781488772918254,0.5759314232237016,1.3684711643731016,0.6617255422906576,-0.8916878928904549,-0.6688459324444153,-0.5246456038782987,1.1792258670878004,-0.6090464054392702,1.7011254794215007,2.597476186788429,0.783332583721331,-1.0529247638754935,-0.6167253475907174,1.2970064358249414,0.6566167225985203,1.811486695390963,-0.7157623238509806,0.04480977280110629
0.30392202742396,-0.46760748558369825,1.2277642025037778,0.4710349669587373,-0.675306352575174,-0.150726222295774,2.0551532064301767,1.857334059658224,-1.0420448232787638,-1.8606888189042285,0.6617193953536343,-0.6117631544422147,-0.6364606283234604,0.15538693596225464,-0.0037165117365976466,1.2773582718288943,0.2101978601935974,1.0641357377276974,-1.1058799225289673,1.1040019550554336,1.7485997606184531,0.018830179421097056,0.15162237570710008,1.5642226768068976,-0.2237004102174951,-0.41694229914310893,0.4818903020889662,-0.03342312895945657,1.075033972259394,-0.15275426185250573,-0.16068638296574858,-0.8097554504999709,0.21789303474379676,1.0206731403139697,2.6476798600735645,-0.4458207543842456,2.3327578266914712,1.1211153503234983,-0.6597086663637282,-1.0326730436061546,0.5805726757421278,1.618982827364705,-0.7381142379931597,-1.785747198173095,0.9343447913876283,0.6553944409181445,-0.395842205716114,1.5758519892725669,-0.8549469023072551,1.1111922187651762
0.6749864492979771,-1.2567088513577764,-0.34246410929425747,0.05822877103682836,1.0276874412979622,1.75740944981093,0.13124055135169274,-2.188560461451166,0.5989567519486351,0.7473037787463225,-0.14442612596762744,0.49922914309462485,0.16392241550891903,0.025575493270229534,-1.0071717853914408,-1.1047376531263944,0.44754475407673777,0.42210193422452813,-0.3729821367965834,0.6270321305821026,-0.23260383601548779,-0.5979424933092631,-0.05870269561025243,1.0360888065139802,0.2608745738390299,-0.23768438812659076,-0.2851737687532389,1.3547601367887134,-0.8635649684294251,0.34435733315381484,-0.7771754571836933,1.0738894408777364,-0.5777672718531919,-2.8098450235542436,-0.9234590541261395,1.1770475527988549,1.1074143643133723,-0.1512408705980637,-0.19910490260486022,0.525014455463205,-1.963875777430448,-0.9518380583549134,1.1230120864592308,-0.5107435941901546,0.5028349713479545,-0.4608694226267138,0.09558880614386671,-0.7854502459709165,0.03994029228629636,-0.10541687614431744
0.06041734577990981,0.45580747121078724,1.4408002895643575,0.676694900461535,-0.5105576043047564,0.8316688552794808,-0.20321163897403724,0.057738169551187844,-0.44893017859492473,1.2883701889899675,2.341135300263774,1.5243420791653037,-0.14746279837220722,0.4403071053075419,-1.0734244027298983,0.3283575019405796,0.5213266744407411,1.0774483815312965,-0.09683666827079732,1.1687469027430402,1.115924149206127,-0.11653050982901984,0.7383130291450998,-0.22698081368714207,-0.5793644279393477,0.07276399985184637,0.4020826482062726,0.8967793679807301,-1.4326472361742866,0.6689105625516717,0.325477765529453,0.8164164157282624,-0.45157306775265094,-0.2280493407569705,0.9244704939866185,0.28350416071718104,0.0676095435321449,0.5712777244737596,0.02074874235936938,-0.18919119077103252,-0.3290600078957256,-0.618652146425702,-1.4004977635435418,-0.17674665444459506,-1.5035245000826294,-0.05774847338331557,0.12197929543492024,-0.8345956722491364,-1.6195740229516207,-0.42662763707698764
-0.5478513401675253,0.23760632056573824,1.4794052927092756,-2.193258585109666,-2.678616170327132,-1.1426247572575239,0.718933766233327,-0.5371115854040007,-0.12330130180068184,-0.6626318135516054,-0.016623616191229096,-1.1446156672470134,1.0640727149979563,0.18133367500811537,-0.6019883605132458,-1.1947206449590209,-1.1201228970846075,-0.4865286454252852,0.1220191523136313,0.034140818411328835,-0.03726798215660687,0.07440487686023711,0.6586367285383623,-2.0988463562985307,-0.8323163690182352,-0.12414807724243815,-0.7714571197866282,0.16284980936818758,-1.5886666405192547,0.6900163804979361,-0.014393720396679018,-0.23621828841792702,-0.9480024448993841,0.0067648797737774585,-0.056162117239757274,0.6367087823897951,1.69881835071546,-0.6830883853693386,1.1553341745121875,1.3487529911548362,-0.5487269838868697,-0.19904738311998843,-0.6809484711232444,-0.05534146415813037,-0.017256341186393614,-0.8888922508896561,0.4878368493525761,0.9728926422072175,0.9035976295828955,0.6681424900767546
0.5041683360352763,-0.49997263261408226,-0.5621687512201385,-0.7355426971759081,0.655179212670853,0.24400402202462,0.3613391650747195,0.36228923065310153,1.0443573856776975,-0.8400056549975582,-0.8106623875658584,-0.30651388201382657,2.0085541550674346,0.6594800486694414,-0.0717089017174459,-0.44190928658782636,-1.0077317123080978,0.9189190110564873,-0.4924616548213312,-0.11702068695379014,0.9716962903766662,-0.5538640949820932,1.7509305306944898,-1.256191392655993,1.4185772903254155,-0.17624642928656223,0.40978809621227025,0.24961500789206587,-1.6036713651193397,-0.46615180213742174,0.6363754062435905,-0.6589740356546608,-0.7553178542651189,0.46709348544034535,0.630211173893334,0.54564518783137,0.7701103111313505,1.2508838120892276,1.8745126018529161,-1.041679475597009,0.11698568220453953,1.4363482541723804,0.9656059528756653,-0.4921634132721462,0.731439818117821,-1.2410678354888114,-0.8185241964960385,-0.0012073467841590905,-0.47568128042572777,1.3947618007834444
0.006544794248003065,0.9394437119941055,1.134070693075472,0.5078989382157527,1.180527487490782,-0.6676215159506259,0.44570149558470784,1.433070082622797,0.4500150238663964,-0.448286336350588,0.43147822091795507,-1.5871750072792061,0.24060365903349035,-1.0619872681486953,1.1231504306702187,-1.065779211377139,-0.5746955446889509,1.9510466633716712,0.7204734002620099,1.5078711977929204,1.5233226663554382,-0.6114190840809028,0.3220624880614745,0.3832517358044133,-0.5435056292237663,-2.8039775730316654,-1.779888675327666,-0.05518500487129659,-0.5426581049024425,0.5144435014416886,-0.5312675394920034,1.587013637031018,0.6774704799015008,0.5536286152095314,1.2117841898824346,2.2741222850438585,0.8934349128950952,0.07985686297600046,-0.3576181762638196,-0.4085038438894587,0.11047160874185782,0.030157397494173656,-0.47672499842365373,0.26268875329293284,-0.8112583538029462,0.5257780812391081,-0.5156777123760602,1.0898343113371252,0.829905522215668,0.8923441073207021
0.5141150919932425,0.32257516360565514,-1.5490810466794243,1.0421448569170952,-0.8479139134494817,-0.2647787954491934,-0.6083400412519283,0.49259100071771417,0.0361346227655735,-0.2761086330987417,-1.01259732057833,-0.48537776048546827,0.5790269002633032,-1.4489254452075349,1.1059544811645794,-0.905268930178652,0.3408438333095406,0.48836948762644167,-0.15962475004197296,1.7743084614342295,1.536797179385681,-0.09183373799553865,0.3747371696880327,0.25050163699715033,1.1740884416855104,-0.11985006183295124,-1.12658238689926,0.3871267541570907,0.6982130917647583,1.5190437543167505,-0.32134490498235574,0.12150746226351006,1.2285877290960192,-0.28967034979087825,0.4552792115476675,-1.4062466606203223,3.516444636820518,0.5714818434877479,-0.2579836284008138,0.7697473744389887,-1.632954796748149,1.3763018954095274,2.28534443172987,2.4003179291097885,-0.27764819222363346,0.22623358742290722,1.5890579010561952,-0.6686771252223556,0.27089528480875547,0.5843984359083212
-2.8758996546288977,-1.115097115817671,-0.1956210647171448,-2.127252770444901,-1.3219645615227635,0.007591661837422983,0.9762864548096101,-0.9222739562273231,-0.425452760007432,-0.7128115986442894,-0.18425094194704306,-0.6653739739419379,-1.2392346363322966,0.7270654130194583,1.1168346748577114,0.21874192159511868,1.2048204070224777,-0.9008874250268217,0.20273502991393064,-0.01948525534920729,0.5685270944889934,0.19327926018916927,-0.1760862638214046,0.4143033579099384,1.0696368592089542,0.07027559955365625,0.40376729655359145,-2.0457823327085842,0.21926195987070052,0.46032661658075896,-0.5166336405143603,0.6447562965235609,1.6449270141789256,-0.14211666239121545,-0.38374068027735947,-0.31569315968154243,0.217421878637642,2.3542596554633093,0.9213100384959595,0.03911482426340487,0.378605359508374,0.7569584842987876,1.13746176683808,1.7561604471492602,0.1608150507916846,0.6958617110957603,1.5120707134802032,0.25437752086951754,0.8743524129204432,1.0058866781616178
-1.557544915389039,-0.16309149985283344,0.5214525157373323,0.5254243875021765,-0.2657369236671137,0.83415850921494,-2.097535613280346,-0.2548336553961593,0.5597901012220139,0.7890705720192079,-0.10110915384981894,0.8508887534069526,-0.5733520013967913,1.477447624149713,0.6676319932797656,0.9531298693338082,1.3781253045065889,-1.2859258741356105,-1.0287338586775328,0.7474022237334192,-0.26203833369287993,1.0400948786575028,-0.6168671641051999,0.5785688329043444,0.4108827260748623,-0.35819059382815205,1.631052681073387,0.047410879306609796,0.5398169739554914,1.381040672846233,-0.9879143471301944,1.0277410996364726,0.48298813971493554,0.3405031513940851,-1.6494519492495199,-0.9161918155557427,0.7720883432202276,0.4541018574780517,0.747087647171365,-0.34719754529265795,-1.7280537711893462,0.7473476774438935,0.8436121999181334,0.9278840548556532,-0.6564204510776538,-0.7392870620603182,1.2906470003095718,-0.7783932978795782,1.2892651084186508,0.24754175633697365
0.6486977158148639,1.6450087309506423,-0.4380120082707747,-1.0391746032389424,0.38100423775415415,0.9721585362035554,-1.668368556455414,-0.009903660399907891,-0.7304942824769256,-1.6394665103032011,-1.204547981273243,1.0268628106810729,-1.6488330557890996,0.9224701682281381,-0.11734138455083551,-0.6707504901180439,-0.6478508109284483,-0.23550379540920305,-1.5845017631772935,-1.9351752062749799,-0.39546295694718775,0.25746304833283695,0.8512380516127172,0.7883699046225338,2.046794702654622,-0.2759731312940972,-0.8572581989813337,1.1483682037033465,-1.255032048457404,-2.5936130211580357,-0.32191187217207134,0.08597118974560367,-1.4840988796831598,0.5098158782465076,-1.9356089550006474,0.2255557115519228,1.353588934424232,-0.40560106618809216,-0.833637237448859,1.5150133447442053,-1.754083060239423,-1.0914905533212822,1.7192607727046247,-0.058353461977034934,-0.20266803840009504,1.6948995430445732,0.17001190840987673,-0.33443453933178857,-1.065767456533758,-2.022659004762479
-0.5999718398540812,-0.02061304010222928,2.380150580835153,-0.19086340099595503,-0.14346187096087046,-1.591718844227933,-0.5394024323928055,1.1019126675345043,0.46414906764811514,0.2747641299149463,1.1251213931385495,-0.6138317355776675,-0.9863379014852501,1.0345610765275228,-0.5839334005480744,0.7324111070102647,0.24291717206989724,-1.5611062004874867,0.5056823897650865,1.0309920683043357,-0.685875808334687,-0.07809499311967252,1.0187607431620465,-2.327391837879039,0.008956470877461176,0.7045769165435708,1.0411340189101412,1.2915540382616275,1.0452728517556156,-0.46051325431299456,-0.47678272427802554,0.8755143061232041,-0.84095693621417,-0.1665468587660676,0.13804004839767112,0.9645483626444576,0.10570801207007108,-0.5092666033396112,-2.6030324128431506,-0.8666460877200186,0.8754398208648786,0.5450559118087008,-0.13843944892392868,0.4269715030968151,0.08270683834883612,0.9637901151985598,-2.4098098857566077,-0.73619371196459,-0.6568670255335111,0.6447211663079427
-1.0722593591563514,0.7574328795672887,-0.5986952556329438,1.04384970623294,0.5461173990670226,-0.9526478572168315,0.20950491358562642,-0.6108815548532883,-1.5268563028835347,1.3119079684613975,-0.37052971113732835,-0.42543644705713124,-0.2786549948185605,-2.836370835320734,0.028394989304968147,-0.6924984572956386,0.6840541071292867,-0.1567619610683137,-0.07960103529695563,-1.0518328906403345,-1.0936014918959025,-1.0689539337369347,-2.1451206204890925,0.06965822130143327,0.2821738377265144,1.755299390791229,-1.3601304624422512,0.122809694171525,-0.35119848121467867,-2.3505807876456877,1.1076845317701192,0.0593693583403711,-0.14080553186006323,0.7299803349749769,-0.2698262777874263,0.31007787320042923,-0.5879836089502212,0.4246229153407174,0.49188742303090033,0.8291623653571486,1.2712548643150776,-0.23614713473827428,0.9092375681011764,-0.5493623741766961,-0.907691397759183,0.44457464552760473,-1.3138000384090922,-0.858037789103105,-0.4242581485536307,-0.7258129559163286
-0.10237085753171218,-1.3824263098972929,0.6076224153999272,-0.45248604275831006,-0.17836988854024052,1.3951984964048716,1.5936802547968945,-1.4491595770685215,-0.7276540229098827,-0.5584984163710944,-1.796027905986405,0.11528900538756695,0.4885107994313997,-0.720230992095502,1.0760156070462412,0.8592353306427188,0.3624719357269785,-1.1013781354471637,0.6210909370983673,-1.012932896065944,-1.444317348419851,-1.3573662207507289,3.4891497571997627,1.3572260985775393,0.5444175841987462,-0.2531557658171658,-0.3318186516973111,0.17733034563534927,-1.807350411208305,-0.8865625105964211,-0.736510454341269,0.5568431952209565,-0.8121370993873255,0.6201539379209436,-1.781380865982296,1.2192421610036084,-1.0659691851224053,-0.32775148858370884,0.6241243744146667,0.1968278091363914,-2.3507718032459546,-0.01590163124871935,-0.5803890457213052,1.5153156283451397,-0.3850635031175825,-1.0689746587775224,-1.46995787133207,1.1259685414859049,-0.7153936380711824,-0.7256159587634279
-1.21320188704452,-0.9773487544137224,0.6064509227849202,-1.779754339983836,-1.5942707868679047,0.5895662930192532,0.2619050099708658,0.019177937353484557,-0.5412096847691553,-0.07506528323440728,1.5058347409414738,-0.6125993977744705,-1.0008433196385744,0.6385370097062792,-0.32077953884915517,0.03312313220268495,0.6405467542728384,0.9731316867675761,0.7342389974361707,-0.3030744527055755,-0.7825404203949603,-0.5060712214625523,-1.268993089544875,0.686433667567412,-1.036678603925093,1.04033742508623,-0.21302013826925187,-2.07608417652947,0.5382821049312014,0.09439160890885162,0.2096940044592487,-0.5528998775774024,0.6263566623284799,0.9696991410611001,0.6315353964768569,0.6694738636622893,-0.2768620456764211,1.0668610367073512,0.8592904060561789,-0.5437771924763842,0.7733454412682068,-1.1170162971667728,-0.22933935283938203,0.5513732744476598,1.569843548096602,-2.1911127158315478,-1.1301286046484038,0.19971362846328097,0.7213279179515458,-1.0377924452894343
-1.0813962617045476,0.493601510446014,-0.37007605547863903,0.9003685707019469,-0.3920832622068072,-0.7395183410644084,-0.2064282935346698,0.12732720460534572,0.40781452825987397,0.7070955015285473,0.3018669452738213,-0.682141006691981,0.25498588113805387,0.4095767079605048,0.29845792221588946,-0.8002303638978122,0.05183181646600972,-0.021487511233120243,-1.5847953088939621,1.040177029263208,-0.179286093366397,-1.9455938211618302,0.7096923941787548,-1.8752269595157605,-0.6140637280292279,-0.07831500387225336,-0.9547224338130508,-0.6348928380051788,0.9951566359388189,0.8850987720660021,0.8588483003066909,-1.7900398954379286,-1.4214803787214034,0.6760826487861591,-1.6640526392111867,0.15702079039975772,0.24588133821237,-2.941695463615398,-0.9977195354604349,1.8331458582519455,0.1657416014992073,-1.2084323007542426,-1.8781195354996651,-0.9124035845012181,-1.9010913359390014,2.1513963804101235,-0.21753264258736404,0.3005822622954119,0.6101199788925419,-0.37794641060955786
0.09127351547331243,-1.0797771762860051,1.5677791267288232,-0.3111430599646602,0.8554416837521406,0.5575492135431998,0.36945049621964576,-1.1131295129975436,0.5342792563990764,0.049631740928088544,1.5631837169794707,0.29729011511177883,1.6140669881689744,1.2485570890854472,-1.2023460986775414,1.9800901921653324,-0.8666681530472865,-0.30122610073225703,-0.978635697084294,1.4866470716922813,0.46634005638757886,0.010551838059869253,0.261935641419498,-0.44002010842219985,2.1896784412689567,-0.2442361661728767,-1.5004086936294678,-1.3308215238693046,-0.3409845418680506,1.319255545510254,-0.06200944880734106,-0.9476614687402595,0.4886755210082129,-1.141963620756716,0.6162374941210937,0.0900947890642564,-0.07818861731113423,-0.4878043431355745,-0.30348430600511483,0.6672419677879788,-0.29123993537455317,-0.9231819937417197,0.9573921047484746,0.12229974935950039,0.10530188291623462,-0.6141556493823481,-1.1733429015624854,-1.4963435182312985,-0.9264138989203698,0.5244063921165323
-0.222118735665465,-0.5274821274310455,1.1015417284230817,0.2710789198069274,2.1751399945396686,-0.7405216089132547,-0.23182521669709436,0.3464360339936389,1.2968343593063276,0.6041873457879262,-0.023425734766221843,-0.4695241351647054,0.5295857990669994,-1.1588634326787524,-0.7962063456034872,0.8908138997198226,1.6288465052931485,-1.268258666253052,-1.2813829898899693,-0.6853114605871541,-1.2874467044501605,0.11576868242206015,0.822480638029933,-1.1789033313098414,1.2137804082932204,2.246830449305171,-0.6823592629570698,0.5523728018402858,-0.10683504641229341,-0.9312146269058272,-0.7564118336580636,1.0242283926854645,0.11539346920106071,0.2780217349444602,-0.8173765211977031,-0.520635701406406,-1.6060355266736657,-0.07497655081076976,0.5487211896198753,-0.7462081655623685,0.5355964734558855,0.4524615643122084,-0.6335533841578972,-0.47464716358208425,1.2943388679394505,-0.07856558302581244,0.48448217932585286,-0.49748679423112446,1.256997270637869,-0.8809667369308205
0.8051030309859903,0.4517793589015969,0.5939676937872707,-1.8546449372872544,-0.1442281138022856,1.6689097091558698,0.8363414989801997,0.05731436965423835,0.5023191618944021,0.166984597479105,0.3096658195643823,-0.9717682720029692,-0.4810058897327856,-0.510617573408234,-0.8748154662915214,-0.5269858172279637,-0.4512978324666355,0.34369923517199263,-0.005203655345442273,-0.6449388612003002,-0.7017662539314272,-1.6171921358138668,-0.4386396769738967,0.09588352898471947,-1.8477980618815397,0.8148508343149894,-1.2297135483187016,-0.3894508274322296,1.140866196260175,-0.1789443420740105,1.2983637254601756,-0.09341689587086391,-0.7862405423090367,-0.9569046966057608,1.2722994249924104,-1.5985522554164782,-0.06657223591415903,0.32382978817624675,1.0091569278907355,0.8291287833101937,-0.9202683186009895,2.0735685887081914,-1.1427101551410304,0.8419633548088702,-0.08827084196789074,2.6050344095075935,-0.9642556785390062,-1.1330787859707143,0.4295177336716083,1.3503595867558056
-0.321418164269039,-0.15490225422468867,1.267833664531118,2.1118133495823033,-1.5158427149446143,-1.7538178175995855,-0.28893520684019164,0.5527843058788359,-1.0790925216265606,0.23321869067411083,0.6605326529261596,-0.6198174797349553,-0.08113090672367156,-1.4013190703974314,1.8003515415284348,1.3414701521211645,-1.4365091528933673,0.2006815855662561,-0.5098675666997845,-1.2875642181916316,-0.7917737033957222,0.036847510944063196,-1.0315254528493911,-0.005698693470256752,-0.8164763156271312,0.8860628425940288,0.2228568288216711,-0.8612540713948402,-0.8811466345614837,-0.8449883635507001,-0.10093255943660459,-0.3230137826231161,0.7645100109640429,-0.35722527413561134,0.01877280673685667,-0.4497566170969288,-1.4416810060474072,-1.420389553548981,-0.9117127287370296,-0.6781649493978095,0.1262958288760406,0.20459665064524538,1.2133373320698475,-0.9197435699350065,0.5137637339154983,-0.4666917400968638,0.7217507346671197,-0.7020757449122284,0.4307257173455268,0.1813340910141193
0.07191098786066735,1.6305286806219006,-0.31410613502960993,-0.24219452673390762,0.1276187531071513,0.5072387517495681,-0.6557679931684357,0.3943908430324705,0.616929211872458,0.2361026626508601,0.7553131930126008,-0.25245715998797696,0.22010124950619117,-0.6564106569291719,-1.0389314476852332,0.006240545585296716,0.2914337528834156,1.1699291217409387,-0.72895664499771,-0.6885543384720386,-0.7386011844013634,-1.1055964873368394,-0.5560442085855621,1.2686754054990224,1.4286750036242952,-0.09798743137277265,-1.3449736512611734,-0.10645214222837525,1.0734442488081068,-0.6456196783337866,-0.8561458232474869,0.8118034270581073,-1.354771157300895,0.18092549744477862,0.4003747485080778,-1.4992194458969217,0.25587408844284526,0.34258234910415036,0.8495396602173926,-0.35539486803883913,0.9585134460933084,0.20133485032333734,-1.2487832614411967,-0.7375912821749173,1.270494393511594,1.2390398234816837,1.8764396345306786,0.7214092442400681,-0.5948935549713287,0.42228933718161255
1.422132591975902,-0.21215943361216108,0.363341211875384,0.13792715779112746,-0.790819478913615,0.10279596244254588,0.375209391810923,-0.05239089866239358,-0.3415854910466137,-1.0832074120991737,-0.978008054311993,-0.9809072981020769,0.38475814299761424,1.3652206598560586,0.9355758313051599,0.030216800209080075,-0.015629565355977204,-0.8724793400548153,-0.4802472681305903,-0.3371161493141402,0.8812904381137455,0.8622299109727479,0.9470939320898635,0.016186642696147828,-0.1539985406655735,0.06562031663396761,3.034028971304231,0.7144792123287694,0.6998414091975654,-0.5863333728482183,-0.42450852469047745,-0.95106171490315,1.643958655416909,-0.693893361922114,-0.2771433309860653,0.3977560369676966,0.28786525742320557,0.7409096538609837,0.1126023441125953,2.3526432551873167,0.7949247570156769,-0.25253570615930016,-0.8245806400298115,0.4877052326117029,-0.5703243682100937,1.1335024854228613,-0.45116149591027555,-1.3400710514070158,-1.0684229587739964,0.4043687203850881
0.42356776524889583,-0.8638872323411182,1.9098259085892784,0.228022054747153,0.09784073652253272,-0.6203001755748163,0.37892337691215394,-2.099488508675328,-1.3977813453489825,0.46702912267502056,-1.2350923221647256,1.1782983516888956,-1.2645693635709936,-0.22213114925020438,-1.8199708407248083,-0.3109203852463003,-2.509498815364213,-0.5501762169640629,0.2890878600641548,0.5018383126922676,-0.48822770633921864,-0.5020145754941282,0.7411748647130675,-0.7903544603653008,-1.709050455566544,-1.2234535687059074,0.2581471963369244,-0.02300569581495964,0.8822278315623115,1.1787576529267025,0.18615053381497892,0.5098129226231696,-1.0217681670213612,-1.5147072185751187,-1.3547759412122646,1.0347944705769851,-0.9572727244138622,-1.2986347853573539,-1.3499891628238974,-0.3987772201743303,0.947880457879587,0.6168472052369941,-1.745264144594772,1.0753977907769807,-0.6078789038348971,0.8196033624533072,0.23935661098367733,1.2838615740427424,1.666328963682363,0.041178668173833526
2.704886553716772,-0.6578696579007989,-0.9841678896579391,0.7839333663938566,0.8031652300531184,-0.696002631664658,0.06534528709841605,0.2317105371923013,-0.09965033217414346,-0.6849511871001256,-1.0076522068335592,0.6327107675847128,-0.41559833409052954,0.1858304114117931,-0.39739256377465554,-0.49027280571453974,-1.0551643649033393,1.544675205891015,1.644135124727337,-0.2784821840942822,-0.6113832375048812,-1.228716466778712,0.06979157479895637,0.27445738644710704,0.17272780189706097,-2.287838208836454,-0.8306769665658288,0.013182129405349484,-1.3440716647258537,-0.22552312534781582,-0.7915413099798406,0.9579342594533937,-0.9136945767647211,0.6496895028120396,0.3544890078552458,-0.9762078255503378,-1.0173229554548011,-0.5593258801428017,-0.9786995335353252,0.1524861149956422,-0.8325104679313968,-0.8435344541430074,1.3176358257078409,1.920077875289687,0.14011148681856614,-2.6460277444081104,0.10253518956237705,-0.057897707378021315,-2.380443810117734,0.6882972864070468
-0.9745667762346015,0.2000493260634229,-2.398288168385445,0.659902941320094,0.6001275527561816,1.1575448111531592,0.07339335570795687,-0.14653366520810995,-1.3619831638143445,-0.24065194197844328,-1.6746213497381763,1.53820503765649,-3.335455584229508,0.9928740967050466,0.27292095097757224,-1.9693473312682317,0.20381960359016132,0.457236369381282,-0.21991926292721095,0.16223364046603062,-0.9755853518486519,-0.6920544266239937,0.8021579769738729,0.6757965174231101,-0.08007232117326685,-0.9605015734047737,-0.9921656588161192,0.769672669434711,1.038313654999687,0.6223279704838142,1.7336177658444687,0.2875404321289076,0.9316118617064408,-1.315376349239687,0.7727874951357064,0.4486009433072493,-0.25279132169832463,0.3445955471713003,1.0675978892674838,-0.5849200262899976,1.0633281494634381,-0.7487909560384399,0.6039113162713369,-2.0474916206277434,-0.7943448374910372,-1.4045508467325978,-0.019200458853514454,0.27664031011942963,-1.3885296229895412,1.0784193205097294
0.5598620952261423,1.8895763286191647,1.0223347665077045,-0.6933633582375847,-0.09331929473167073,-0.16302246175786836,-0.24811947415814503,1.2248555461518686,-0.28595288167848554,-1.8125000950664687,2.8058231804992295,-0.8562897342860474,0.528311756297026,-0.6722780110938609,0.15369506148197487,0.18297980357396307,0.5108516904690433,-0.0828016326941675,0.8352924284044657,0.8005870089867745,1.1139838846790167,0.621081869836589,0.3394515912664915,0.26969958290361673,-0.019783301079680852,-0.20043051188962568,0.3229300013780584,-0.279029713885226,-0.9003094015248496,0.3200952593571318,-0.27878128322228385,1.627411868975185,-1.716757192485299,0.8032084629397067,0.7688540589871666,0.2531426595370597,0.6021372873935655,-0.7412203277473374,-0.732249430316041,-0.3286948749836834,0.02279853318314584,-0.8213476842689051,1.2742850661387308,0.8787704019210745,-1.3885252770696515,-0.6072614371859223,-0.9489696502312515,-0.2321348379864073,-1.872998213189382,1.354724857747289
0.0830122239479827,-0.381366991238431,-0.2318004484521858,-1.3677179533857937,-2.048075144510025,-1.8890284826870347,2.136304934597474,-0.19120982878519036,-0.15064554116014836,0.3367854739064339,-0.021964365318407803,0.008721779999909179,0.9945512516283885,0.15693317483671942,0.7691868430101122,0.9576806917751404,-0.6428032167588914,-0.11858931285244172,0.024444989890881955,-1.4103227265331433,-1.299837039981757,-0.359257932674594,1.1546033912476659,-0.8155972945106952,-0.5085325355688117,0.46480481534657153,-0.9994678082210732,0.5808439030170628,1.5360835130028445,-1.7273657032824632,-2.2862401666623944,-0.38672863505688027,1.020123541631715,0.2372197988664868,0.0978297394136969,-0.26618568763079814,-1.4339411153433954,0.06148612859593252,0.6129135924469106,0.5131254764756343,-0.6094166656917966,0.14510201018935825,0.444434683263438,-0.6028046648431196,-0.44658442078413363,-0.26812689088353436,0.9417134998808204,1.1723895207921817,-0.7276292632299559,1.7532369567747401
-0.9642357877799769,1.8510215845593199,0.18534476860736013,1.0128070256379662,0.9513828121181314,0.23175927826078854,0.21948333962858832,-1.5411792837209304,0.014491174727748413,2.1682883715563617,1.4640519508010543,-2.1166610536755144,0.2687839409430079,1.2196074043971685,0.7583616090620733,-0.23195669419783438,-1.1243674713084024,-0.29793510825577496,1.4011723385597545,-0.9949916084292904,-1.0528969913041726,-1.4897740279822245,-0.1420935796158384,1.243179850678413,-0.5366419027578795,0.3149914268668277,-1.7225374260834159,0.5213444216995702,-1.4316295428881354,-0.9163035645172305,-1.2143506956509094,0.9034910544862531,-1.4295232933336903,-0.6333174706553246,0.014459934086250636,0.9745075395334403,-0.9689471746893437,-0.6799348751428291,-0.260269356720099,1.8413357197197602,-2.647242024888818,0.8463461300735146,0.686539141252998,-1.7880106009814787,-2.3351179450660964,1.1650402489512808,-1.6591083697265898,1.3789474644054827,-1.2884739807178514,-0.18266926027575978
1.202849028545636,-1.5587511927896875,-2.0724857682875686,0.6050418468293864,1.724574156336619,1.720775874486792,0.3605237346953517,1.0607770204815667,0.16272518911977907,0.0174302355544938,-1.5531228659014134,-0.3170734662373301,-0.6827628362589693,0.3661045330911522,0.8638889813553289,-0.1824404792276743,1.8258976210125097,0.4650838911789791,0.5122046778615787,1.4376296917890141,0.6010033293002597,0.0385771429255899,-1.5916923484639394,0.40741070923526806,-0.16874267087071917,0.4564271374077003,0.3393045218438975,0.7554973466630833,-0.5387839157114417,0.9683405139721903,0.579061703832325,-1.2631212734624573,0.42359755296958673,0.3813522092986615,-1.4646787105244927,0.8404486639223486,0.12471789884529555,-1.9084877584194715,0.8189906388235184,0.01733070368077974,0.1031266091122189,-0.8696113733920201,1.7691072616084125,0.2761954051901819,0.3662805606075436,-0.8205379488767943,0.8662052382722203,-1.1879976441957607,0.9191505116513679,-1.211697731785284
0.28707617136277563,-0.43647828574622277,1.024341261915014,-2.783686693524578,0.5968356566814046,0.9712559465804628,0.3945324127526971,0.26565457856913793,1.2565516735920557,-0.6004802796907917,0.6755687967958235,-0.023937401098259238,1.0122474821000802,-1.2285672091475404,-1.6545496546594225,0.02262547017335484,-2.2236435337089793,-0.7212565988571091,1.2023452771960847,-1.2741460109527016,0.3307242198352075,-2.889518102219341,0.8959193516492601,0.4119732255999019,-0.5459867830816434,0.21393629990824184,-1.086341695925534,0.4067745166149636,0.9108942100927305,0.45689350430906667,-0.5626861303811451,0.30736301117196496,-0.010390081820357758,-0.23089938037432994,0.3685872635107357,-0.0451697533142833,-0.9803668211841753,-1.7941971381229833,0.39749990882313974,-1.3485550636461243,-0.10557966908375013,2.487639844806492,-1.067712084787729,-0.569850736543259,-0.7124569108086662,0.974320555647295,-0.16460386982083006,0.719491080411854,2.3719542505112243,-0.8359376447829646
0.6922770022737664,-0.06667886303743466,-0.949107462962657,-0.38917398176318707,0.03470346947184499,0.8086905279379191,-0.7223224118584528,-0.543626489606776,0.29592709115554733,1.7038919559142947,0.3345121904055624,-0.36924104513250267,0.8925618507062052,-0.07767827751569924,0.9625633876760652,-0.902404801881228,-0.2215408295874316,-2.4333429568629206,0.32355295408041584,0.8002645082000819,1.2447856535202744,0.2414745777780508,0.864711662726998,0.9790838418109157,-1.2551803918763307,-0.026143012208198233,-0.13510284664578615,-0.5629239964976033,-0.6317120397437569,1.3620975918160076,2.588270500882333,0.4670595116752264,1.6701728465054508,-1.6570142293883043,-0.5446546093566546,-0.687355944064102,0.4004452597728719,-0.05856749982866974,1.820773397908173,1.976406374436141,0.664760532739454,-0.7847377629545764,-1.280968018608217,0.06884421938403978,-0.850745688015619,2.401047972205062,0.2339567156328245,-1.4533974644387166,-0.23773453903140368,1.5706526774976195
-2.3229081545175605,0.7205567735474846,-0.2481162212871581,0.0735336617714774,-1.0563285172629175,-0.10493612663489489,-1.6201716245946813,-0.844245243005636,-0.3933390815687515,0.2915173487510019,-0.6892467554986188,-2.413515230451385,0.5876212474653522,0.16070889915065587,1.1203147353948246,0.7984504455071716,-1.453772102795115,0.6629204461159512,-0.021364786867507358,-0.06075806800946631,-0.4633047792727683,1.6761455455139966,-2.237351259454755,-1.2693652890509564,-1.9500706097194653,1.6494585905718058,0.951007736653177,-0.19457445620827132,-0.2986305914846889,0.8652251154770727,0.314858550764574,0.1764029336343781,-0.6183770195390128,-1.7632110423176126,0.7879613905830962,0.002952815315987826,0.09103084520916717,1.53628036960642,-2.4537066259506526,1.0005398640013097,0.4772067493347696,0.7057177864515565,2.1250410674049864,-0.369996373349177,0.6248450876648868,-0.17321591739671027,0.6371635696861923,-1.5306676430697004,-1.3124694054932842,-0.30046709241228653
0.2606515665983383,-0.22204116354455533,-1.4515359401650785,0.5726331357960511,-2.1785516761091586,-0.8034675589396103,0.018648289424189734,-0.5545353120075743,-0.8295453413799107,-1.3259426998716424,-0.6254950376171178,-0.2287189415578874,-0.6542467743426544,0.9655761192615725,0.8181752909778623,0.37418975471626503,-0.2724436522779994,-0.9261849432801802,1.642583044175039,1.2191089269026498,0.9735546562179517,0.1100358079028729,-0.43983486170055847,-0.2072533158289342,0.9754337625758529,0.12948938837988302,-0.1749114556992757,-0.06503103876112286,-0.12015883270708962,0.3933715543388101,2.117309638667801,-1.6810750324326975,2.458158617243186,-1.5433160717347763,-0.8946718005582512,-0.7099900042356942,0.536345355289894,0.5011393473232143,-0.7375298579601228,0.03739172256469306,-0.910113056206393,-0.34720592089928815,-0.4617913177333523,-0.2568902402265862,-0.6241705841969195,0.09311601844958643,-0.5276245414653361,-1.8105932972129373,-0.7078605965093434,-1.849784641478901
2.7813604900255964,0.5281161052534932,1.181690709066961,0.5433472845244918,-0.08686999633319543,1.0989582197525265,-2.627687311128823,-0.2682693818602406,0.9632473538485697,-1.192970311422087,0.8946926840509059,-0.3139162580815308,0.4523358833891131,2.7176316715044146,0.6115066735517792,0.58022980520262,1.7025014601150665,1.4817766009982514,-0.2968646068833983,0.07075919021935508,-0.1915546051438729,1.695433849019664,-3.3734840701668216,0.9066826299855729,0.9815179509020285,0.20669533436192314,1.3841715889368773,-2.1208459142786666,-0.9980930488998552,-0.5903493182437637,-0.5262425786046284,-0.3990693728918854,1.1578910591922524,0.43559480668285044,-1.1263744116959193,1.0672339441988516,-0.7823324937071452,1.0275875930086336,-0.8681401616200234,-1.5169392471774783,0.35929951887712736,-0.13875345413741844,-1.3072296798339658,-0.1096613294870826,1.0352003571961303,1.0345570799524948,-0.7420700991239805,0.7171097789644164,0.3359885438813631,-1.2185055859581682
-0.08007467588674802,0.004583036265854056,-0.38864155870156475,-0.9526513674153633,-0.0931259709653702,0.24303935550688419,0.9591099048113358,-0.0628746325363324,-2.3393039521172994,-1.405421747828438,-0.7329988384994577,0.35612399214891494,-1.8061006755094648,1.641764544272956,1.3077753028301788,-0.6565990187442254,-0.993482416602202,-1.646483584130446,0.9614175310258388,-0.6078492226631965,-1.0688436589073222,0.5905457713135851,-1.7978449509303676,-0.5686021858475573,-0.09318525498774295,-0.33315761605662697,0.780896519198364,-1.7895655780671111,0.14791825876512052,-0.6693758218373552,0.5243772461396525,0.9549373590969348,0.38453714883468854,-0.7697694372242407,-0.5837622224304153,-1.7978592649155047,-0.23473983500191972,-0.9591617403212986,0.7304726561944604,-0.6276383736512231,-0.09786695170280806,1.1967175467687112,0.1357873314083781,-0.343381762757855,-0.2558313577489357,0.674600149919358,-1.239343382657815,0.6763569878455935,1.112975569696888,1.0049342443039544
-0.38760445316501024,2.004799033020133,-0.4251198279133584,0.55254127593566,0.12817369441962456,-0.8785392137520829,0.30933609941107787,-0.30056879523178076,1.5663881214523359,1.2980926933361356,-1.8873665162330986,-0.6664705850428806,1.707800504994134,-1.9176108239990852,-1.6960266037288356,-0.08674656013079544,-0.18277490448580908,0.5985001612901084,1.292662241664445,0.01958526838058193,1.3250527663003855,-1.6474891440144064,-1.1114786757086663,-0.8559379132134592,0.4568598629662476,0.10074740053090987,-0.5961612385596673,0.8369897480733985,-0.8979159223682105,-0.16235919698316473,-0.19771019025618286,-1.6878396365285007,0.5425923350732705,-1.0615180602173482,1.424753900809089,0.47907129157099404,-0.03477632735238561,-0.09017137297677526,-1.0680755696415605,-0.47345346553410633,0.40284168081494665,0.2751523024513641,-1.4324125226036333,-0.40329812860443726,-1.4450379632029537,-0.6603860079961283,1.276869294085441,0.257261959019542,-0.8520848107790266,1.252771684750557
0.20606522074969202,-0.14254790377444318,-0.5090201965189052,-0.21663509967968914,-0.2451782767845062,1.336961184827383,-0.2157576409013637,0.45632119532639626,0.34189983029720417,0.33768226976822674,0.5198850741183767,-0.12388146769265197,-0.7136211051852659,1.1683601209375007,0.08257407662284624,0.43369756902914197,0.3697746400300037,-1.896686282097096,-0.7209774624464076,0.12674789624202462,-0.862002874610689,-0.5276504822771804,0.8586029464556689,-1.1653412482152994,-1.5259309192083108,0.7513066256941435,0.831087913645642,0.5729596109592934,0.14620723401806368,-0.010597798480226081,0.8627209428000789,0.8815564961451179,-0.032879195970151154,1.0325411445230028,1.0390594579326473,1.615906552316931,-0.03986538138654232,1.267113860057004,-1.4805596680931508,1.495475637686525,-0.05558436829014227,-0.8669110745509244,0.6419922919657163,-1.6655568988545324,-0.23784826691687527,0.2792956651885071,1.3874401000920564,0.46705306519750056,-1.8491209150220373,1.6442821322647196
-0.38973619729191955,0.5998742359359917,-0.7215041092590001,-1.1747526333820315,0.4481709730249886,2.125830778256666,0.7824724965396076,-0.16023228040723628,-1.2691486933752454,1.2109948352404842,-0.686939945139485,0.597101056435431,-0.30144394661475193,0.4746320847939953,-1.6984298008785557,0.9588596964204172,-0.6765284409437943,0.3551658169943724,0.31580829876268,0.09009774509434419,0.1580005896236475,-0.15601826117548082,-0.6898370247025538,2.3212339166207037,1.8785185293341247,0.6988990795883909,-0.18739194364247944,-1.0315570065808062,-0.823805588690962,-0.6689391167457995,-0.3729734242480202,0.1773615929018719,0.859319763962353,0.1249993663517386,0.21932981301824828,-0.7396869637926795,-0.8956487434944719,-0.9577329852369737,1.0108626735372033,1.1554171933651776,0.6447900266433537,-0.9368488364364634,0.9951849998786892,1.1619522861740814,-0.12003889271043597,-1.7651174211326746,0.09760625520892115,-0.33333682334038095,0.04547017276346255,1.9952709537554711
-0.819633731644827,0.1990230861623263,-1.088410873581629,-0.7162043629531694,-0.2429741350318452,-0.8554858448304064,-1.0020423744329288,0.5291030344035069,1.6366304994081367,-0.7532495476886517,-0.4022354187595728,1.403834521701844,-1.353074439852535,-0.1256755471124616,-0.19314494751500302,0.004724054300218611,0.6697429182232281,-0.614862286427688,1.528087288687553,0.7259240789292118,1.4641969438693412,1.6819109091586546,-1.6982279229314006,0.014154858242417134,-1.7535123570998783,1.7856368859975242,0.4435250098359973,-1.8298476177480187,0.9862053524728408,0.8083492244516534,-0.16866306995358166,1.3569454004358563,1.0201257869571134,-0.7538708013543707,0.11788288713443652,-0.5005189155673754,1.4589852863620232,-0.9589325058847804,-0.12116418882427368,1.2576055437021,0.42386000177077005,0.9189867673013465,-1.4249474334923344,-1.3306408359080992,-0.28419058779943085,0.88664810608116,1.1485864761646365,0.017105570421744497,0.34749767930545034,-0.6096448552951603
0.7678641091266337,-0.1356548591421048,-0.44861289932464904,-0.8629623713476399,1.0669851780079564,0.5720113654081455,1.0008346154685168,-1.9973395496684385,1.695238656559806,-1.6522019673737434,-0.6719558758095184,-0.6035848842871002,1.7714137932870584,0.4437841910662604,1.0081122772515345,-1.3249930301689865,0.5781360544285006,-0.07187959818083971,2.219286592151494,-0.31315336781049025,-0.32075542567383497,0.0016492178946141047,0.5605347572093605,0.4302706817318185,1.2381231320033816,-0.23278901291282872,0.6466430777634208,-0.412052343904141,-1.1543742430915593,0.09670547067382386,-0.6617226214310482,-0.3419276302543394,-1.8325719405821743,-1.480952689441238,1.0446699137168576,-1.0204081916294794,0.040101691824817834,-1.0418889570224226,0.4812104321269227,-1.319342099239907,0.9912988311311459,0.16901183426592745,0.48959625725609995,-0.7351916263992568,-0.44534015329856025,-0.3555500290150041,-0.3269205417344068,-1.4840631008193381,0.7965461628454321,0.4709955841618725
-0.548399836728704,0.6050197228175306,-0.8596566890345408,-0.4247693014714089,1.0309371447312818,-0.9729651628670298,-0.9726930821467282,-0.10269207619914601,0.14416227072575669,-1.280589816725229,1.1710360395140258,-1.5205785941281467,-0.11822472182388682,0.5116497888118743,0.7971836534774803,1.648331405975699,-0.3640882717665979,-0.7824710991737313,0.8491026654147105,0.3295351983095656,1.0456234739085382,0.4125027579477973,-0.3201214411507624,-0.6837040099716228,1.4477019682555685,-0.9068240038311254,-0.010868655104557829,-0.24257117977270184,0.30638612669071363,2.0725330393863226,-1.8434389421172914,0.07660887021733782,-0.03812446979826836,-0.8769824478785349,0.38358367032999613,-2.3882915214825466,0.337602830913368,0.5375114403305438,-0.45693609359011755,-1.570245769437898,0.2770436525309593,-1.6382097042172639,1.0514644849130264,-0.921619296464736,-0.5905297649329673,0.5901014174372885,0.08124662287630387,-0.5777189148435538,-0.4373049329208796,-0.2763852558395406
0.11318617937098029,1.2046193774528686,0.4619663345174266,-0.04880436958232356,-0.6630416576118318,-1.084454789364759,-0.6230669180279602,0.49002645423881297,-0.09016154602863566,0.33182036615287197,-0.5194728606646369,-1.318652687562467,-0.8860461699548434,1.7249041144927233,2.196277833655799,0.2364470350687034,0.40796122598695705,0.729170936965389,-0.10341070716477266,0.8859537309058518,2.65005390553549,0.9080913111788731,-0.8426042145882595,0.6976552721033036,0.7211295582403302,1.2949122243431335,-0.05313548358543197,0.10397053025919456,0.4780594198255565,1.4553297292627079,-0.0514810586614101,2.1983263729540243,1.0851310248419226,0.44188919101834667,0.6257000668058865,0.49937889769648,2.3470194362483285,0.48994794757878246,-0.6950989328966144,0.9405806302851469,-0.045068487584009026,-0.3318757766620997,-0.5309183055256123,1.031758318835362,-0.20114459047769742,0.09440243596103001,0.636435303274552,0.6639712951692529,0.8063563789863638,0.24131062008675377
1.3767329226952312,-1.388289578450514,0.2792500924992997,0.9454680403469404,0.976451243507782,-0.28800757430096957,1.496879616366551,-0.8647364737146386,1.1237099110197721,0.8073208957256103,0.1850097395791507,1.0226517784574358,-0.08439569585608658,-0.9571435992562477,0.616234609060673,-0.8921105118070186,0.4419499695769842,-0.05841168095511278,1.1446129721400569,-0.7650872998815087,-0.30453129136622303,1.355283398610526,0.5531592122555642,-0.2527670149285687,0.2663420896722124,0.3937978530738841,1.033060276035314,2.1193633637816287,2.2089782512058984,-0.32157776235349617,0.15023331342975968,0.8929133016390638,1.262413141317981,0.0029176127631074513,-0.4283578939221535,-0.4985025359656972,0.24261536972165243,1.0887492986328808,1.1687315292160954,0.6002766186376468,0.24722624274471885,0.6165515359481643,1.4629640000802184,0.4120116426132933,0.9388577337323502,0.46056745455975184,1.5081630859522177,1.1573636932100941,0.788555448121407,-0.51585303352306
-0.2538433434239359,-1.3019003574015218,-0.34032125296301474,-0.4320916196586292,0.9743420383232897,-0.3607023871464383,1.1562056042746975,0.029729803384079403,-0.7183689856205033,-1.599185571306794,0.5109894053577226,0.6756735946311376,-0.09074933669299873,-0.6768162873507503,-0.9188768666175443,0.9714151877138708,-0.7621853109485622,0.3897995203556501,-0.20374915252788978,0.5754981246652541,0.06405697651711732,-0.7686161409505484,-0.9732521627938109,-0.5413593670921032,-0.19810838359230956,0.5232544548501773,-1.1757151747687375,-1.7331110168497024,-0.3637195373558005,-1.1943666279088736,1.342424850711529,1.243005760399397,-1.5028608333139246,1.4241935048338572,0.8588114598919886,-0.6655448299278636,-0.8322611064243423,0.4167709299925275,-1.9806745090760771,0.39387879481169646,0.9259015336148342,-0.07529239662374371,-0.8506233084121702,0.8372191413627059,2.0531262224590683,0.6362164749387552,-0.663410777770132,1.3531145260535595,1.358513197617459,1.5747609622032699
-0.2910967013917094,1.0374617632510137,0.8245604348770067,0.041743810512585904,-0.5223583061903738,-0.031236441401937966,1.7185034415638507,-0.3362569440462388,0.6538294805554751,3.047963540518313,-0.5183312357532559,0.11830717030953557,-0.5639337752664149,0.9919168574465621,0.13541475608711273,0.7795026829320933,0.38409096612747967,0.10287215734892452,-0.1483330221832329,-0.15632420733409463,0.6716436901397957,-0.3413333504752976,0.1688106119210616,0.4051388752226375,1.0224813789841813,2.3449011017069363,-1.3782446678244287,-0.8223885240340374,2.05210993065824,-0.12586975542484777,-0.1137114101745884,-1.972584706665923,-1.0933997399669122,-1.462538807309772,-0.8774761622658486,0.13833353681693256,-0.38881762292658373,-1.6318923205905564,0.12055404741567924,-0.39494619575698353,-0.2679612896423767,2.5736462625891563,0.6634699594487811,1.2006515946825587,-0.20951211395090424,0.950396756720128,-1.8682090185260052,-1.612573749992198,0.49483876459679094,1.9195785302201356
0.5989136845916323,1.5010270199608977,0.7875080643191561,-0.5194832572224811,0.21886115520501265,-0.4661265678646153,-1.2692060225403838,1.2949430731629752,-0.6828538869017291,-1.869094804327676,0.36150259134650603,0.4668368870044182,-0.011919991205218573,0.6188931288956224,-1.52798743027802,1.0489031551174952,2.793036418805563,0.7408530219541373,1.5273920634907496,-1.44876043044784,-1.2363845250010528,0.0338703526567968,-0.045102918221484455,-1.096208218348878,0.49050073561226704,-2.232023479920062,-0.6736821612917262,-1.2808397698129887,0.09602200503741541,-0.9192624550152987,0.7923396413048929,0.5070399205534946,0.3989479959332982,0.22649722041595588,0.29822008199702377,-0.701302216954511,-0.4281942537693702,-0.05896347627317122,0.15556020652572983,0.19272607608016898,-1.0360354979583162,-1.33042631371974,-0.48754743775215703,0.7102749904060851,0.6440777060540603,0.5917704324042369,1.1733871874484485,1.2839748100789725,-1.4156228014080336,0.2876956893471753
-0.49679017527903924,0.20425513355230837,-0.07954504439508568,-0.6421677963054744,0.5986982575919076,-0.09914099289639959,-1.212923138900108,-0.2284174363618011,-2.4341748025722305,0.857198457073331,-0.4784404863757435,-1.05684043582046,-1.4437866067836886,0.29788304152804057,-0.7027435440065863,-1.1949363378096287,-1.466460305433354,0.17800540574919166,0.8467573021084522,-0.7568587436060883,-0.9353407657012053,0.04348026084144619,0.5218586774407349,1.6560453679758131,0.5823279554390077,-1.259541742638754,-1.148616380444611,-1.173694156714843,-1.0548046259437867,-0.5577813382862638,1.748859314629262,1.3295275426853728,-0.8981399764581055,0.7505726947312862,-1.2852271887215139,-0.3698071257247306,-0.7587271639179224,0.7823466853549448,0.33218839543812806,-0.6628005428793083,-0.10599771430448404,-0.5262025973525458,-1.1672344854559242,0.042199218580070724,-0.9336732687916598,0.37054686866390407,-0.045655255944756785,-0.5361136473335756,1.2785420903691578,1.3969276594729894
0.5982769222210981,-0.08021473830685653,0.7471037370753822,0.34565316258344614,0.0075023065414829716,0.6154696382493684,0.34228971357467086,0.7587808467407484,0.050855063779269176,0.8928925506464174,-0.10718011812891001,-1.7480951812841694,-0.6040857783521719,0.2728752528706908,0.2606579560517561,-0.14911540274119853,0.28024311938094965,-1.0756933297012503,0.033756740399487374,0.5077774507938755,2.7860313461742394,1.493118508119074,-0.7196479559767187,1.1445750919322606,-0.9469293033659145,-0.6558539499549988,0.011375684490351274,0.34769189025877284,-0.974751840548872,0.3794713350630474,-2.2241626527005836,-0.0768983356643122,0.239334838062804,0.5967666140048749,0.15387807932199454,-0.48846926768811977,0.9245508285312358,-0.297862022421514,1.6627995109109808,-1.17298692508399,2.2636104577719056,-0.9665829031717257,1.5381268338701977,-0.16121625617698734,0.6993010081498735,0.1762433381463223,1.0633225131322765,-0.48136048103330337,1.3209305496212786,-0.7680909607517936
0.44740418287287376,-0.15300344069970911,-1.5512854107025185,0.22120763668317903,-0.48907035877388205,-1.0936544187497386,0.065333568856706,-0.7431186534048899,1.075549665032774,0.250423006684192,-1.0506131012185098,0.39256799046492885,-0.5518388599816388,0.25929140594374445,-0.23196039694564818,-0.053029940004257856,-0.917944851286823,1.4099287104640459,-1.9757658565039573,-0.3933418055482373,0.17311271192282557,-1.2599115627976067,-0.1960975351681671,1.1655928600189414,-1.316369934359329,1.1210722351996525,-0.5874214018589657,-0.5138342776760849,1.9864792875035024,-0.6261831906104188,-0.8674434439295524,0.6163466223575392,0.3669813755178515,-0.8412988883768443,1.3064197060688432,1.7983957737117169,-0.3868252042138204,-0.4525918919402137,0.12494928746433036,1.6477093732744512,-1.982896746025003,-0.3986570389050974,-1.1140522254741003,0.0637674895895698,1.8391517474219063,-0.07208864487098043,-1.9795663478377195,-0.15394015380971174,-0.5251527314247088,0.5893109981084357
0.13062254141503235,-0.5051246406401048,0.014615183166321611,0.17010354410857126,-1.2347568884766746,-0.9326834144919036,-0.022459173771621925,0.4367615271177416,1.6151504600686588,-0.4393792473577042,-0.4537274364199361,-0.8463857137762143,1.7845855426985948,-1.5732657673659893,-0.6714530413832981,0.016659834238531644,0.7054281270435582,-1.303234404390932,1.590696896663528,0.8269888166739511,-0.46947087385371333,-1.1026377097027467,-1.7624413304669806,0.30099402408818954,-0.4337621473265669,-0.6267752217870323,-0.23433823584653388,-0.5462415894319128,0.459545851032929,0.9270997342124193,-1.5772393192017258,-0.4485540412200599,-1.2893411491368187,-0.8669047895871524,0.25852214829741416,-0.8199175880712992,-0.9060833208920013,-0.5777529334904833,-0.7522100000107464,-0.7975039775489156,-0.43377480324345385,-0.1057132730970039,-2.0183984527721908,-1.7261075175016543,1.0422025208945362,-1.1266628341151954,0.12439106338934991,-0.42729183668383736,0.6564217767140145,-1.2280751777882273
2.037254833416359,-2.296965305871712,0.260293389309669,-0.8817380828947875,0.028051265881316217,-0.5122703506164272,-0.054011145730608015,0.9432276137549678,0.511044896801766,0.13734690499812413,1.6726824515440855,0.5879277006066156,-1.6567769245730892,-0.051008203987057514,-0.6946055008447117,0.5004743301696115,-0.7782368957918274,0.19549862326133774,1.1568201277152006,0.9091137354315585,-0.023060039881162477,0.5268362901257219,-0.33622394846179365,-0.8325096103553362,-1.5769506311415549,-1.953336231072758,-0.19037096639411585,0.09083653897414874,-0.7819399635994964,2.1734188513944948,2.432646787064821,-1.0181483863018688,-1.1346662238213068,1.0744375134579365,-0.07954583528212932,0.5986201192120464,-0.670051047712181,0.6502312376426695,-0.12784410034544336,-0.768679663834898,-0.17329542941971635,-1.302581064972322,1.8236587423623263,-0.532156826039933,0.9453669954470715,-0.8135042078584884,2.283050719728947,0.1641313099825682,0.4132916069529185,1.0392351747036994
-0.20308600969940974,-1.5719204866010703,-1.1415832439454,-0.5633806044013926,-1.8931997682032509,-0.882454206132938,-0.8056063997549913,0.046011814763658905,0.6333288344594903,-0.9035532457034102,-1.5209951778803723,-0.5952264483063932,0.644740081520131,0.8252622034970217,0.753127275323531,-1.7488486423391425,1.9183307173209456,-1.033467068445716,-0.45475471738713846,0.6848617451819654,0.9234433041326262,-0.7023770566632742,0.8403971341640027,-0.3858185117589097,0.8957420527406422,0.8869542764693741,-0.2776974277386947,0.6624315027622305,-0.7058576025803615,0.7095002282347269,1.7222151902139842,1.0827202735064043,0.10751804646528823,0.29213177371751237,-1.592054494388791,-0.45526482644917937,1.6235275264824738,1.7181598175257253,0.8227802445185752,-1.0169759893360977,0.2130722871125156,-0.7270979098030002,0.32062349809812013,0.7304283293118851,-0.3530848683682748,0.5092431894779105,0.5254908468168611,0.8992667308543139,1.29739090455653,-0.59044569193348
-0.6779629039761504,0.5165436416180588,-1.0846397651998474,0.1431320167899415,0.7389912576856208,0.02737120584208911,-1.2181769406188054,-0.17245146368526343,-0.8531102832149842,-0.46643251900861726,-1.207251697647112,-0.39223553104685915,-0.28451039476135825,-0.7355149055690086,-0.7828590192994126,-1.1679008596241993,0.7678611099034552,-0.7445924131867647,-0.786765664679342,-0.1783275032086217,-2.012694846187794,0.0042369330235145775,-0.6938630944131252,0.34571766464656867,-0.8001749323378495,-2.1858931494925704,1.3583546061227725,-0.1429463517972073,-1.3588599489786524,-0.7128404954161891,0.7797205784061277,1.5074931004118803,-0.9350745714273808,0.3287062926859084,0.32482638392037894,1.7328855493529225,-0.39760874985534983,-0.8650354110866961,0.4403700363052138,-1.209678554056383,0.4971755118673875,-1.7313135313907866,-0.32211794480805994,-1.869070788648882,1.0653741597534083,-0.26379325660470343,-0.42785359159487313,0.11493149416875163,0.05724917399012723,-0.9225918901535598
0.9319907721939441,-1.8012167518262174,0.9777798391137603,0.07935774211632315,-0.3998713656274086,0.4796267193470877,-0.5542443427685396,0.21403787699273788,-0.7088918073034912,-1.0037934080639648,2.046398604709929,0.045644001799309185,-0.5284156520626455,-0.5537455813474009,0.03651614529301922,-2.0453366126495283,-0.29785109309697905,-0.2263841346203279,-1.4654941253244658,-0.3736893242304148,0.20014930323540162,-0.7235325651265346,0.6612046786915227,-0.029149083311911284,0.7360618273998804,-1.2525928088532272,-0.8597582181790133,-0.222786098642153,-1.0166252673278782,-1.2815535477004845,1.091229108339375,-0.8886060347458136,0.23050113718244314,1.6977006929926493,-0.4863225968353617,0.5604815232861209,-1.6471629088615085,0.1375424620644058,1.305435932497296,-2.1285868910775116,0.4126477868603634,-0.2697865687707713,-0.39718520844603983,0.6363055436507516,-0.9014294675399289,1.4524718073929823,0.49487049898658003,-0.6811155590349953,-1.5889954692132655,1.4554444021651638
-0.6349758512788007,-1.179693686703117,-0.7723904012931324,0.5214967688028416,-1.813876783270634,-0.11313243012094845,0.86929627611354,0.09594272018472234,-0.9952944111799445,-0.5588778199813336,-1.488989439647778,0.5517152482457167,0.46155415452145204,1.5746981077690492,-0.9315965969460958,-0.386520887442207,-1.4339214109064162,0.560747540463595,-0.9090968798898176,-2.125337923219575,-0.23464452248740142,0.44118814894920866,0.5965225079122396,0.8857610594493898,0.2816502269771764,0.4707518899893417,0.6839955324699256,1.1766169339081165,-1.598811124864432,-1.548900651402673,-0.1488746778321624,2.740927372498884,-2.0932249030555954,-0.3665391996223746,1.617221126349731,0.33647550672300536,-0.3736864036409069,-0.252257400821531,-1.0711087788919802,-0.09149740714283723,0.37729851401238224,-1.2914144224618653,0.4151761151340648,-1.2117687329288045,-1.117245528395119,-0.7621000412283108,1.2795110861932593,-1.0370376950514464,-0.15051824627645607,1.591200332959999
0.8517559971379425,0.7151660710335093,-0.916560179792832,1.6551917873186093,-0.44874411464178504,1.4657199558199907,0.15918078817961223,0.7775902888441297,1.5345582546839134,0.1108553419943336,1.0120278575608328,1.0550612992220585,1.283123084298281,0.7599432202053151,0.8013490770202675,0.6924636308571633,-1.426756167938055,0.7676947923467025,0.11272780784840085,1.9526678651111413,2.196888843841887,0.32058842876602295,1.0442161647996762,0.7290956707044447,-1.0301848287222386,-0.3003975469442044,-0.44408574241413445,2.750419287914816,0.11234500133435603,0.2391047614081325,0.899353625551637,-0.5224476556447655,-0.6013816379994369,-0.1519795296002919,0.9370712343339536,-0.5845207385403937,1.0100638172044851,-1.1864673487159738,-2.017826520100392,-0.1428323527497923,0.5757652229183846,1.3445649896364062,-0.050431458336376134,1.1601067357134163,0.9676763074428897,1.4247318240984423,-0.9970798299308892,0.573142083167091,-0.22217920065151464,-0.7725359955737704
0.7539172916226445,-1.3657147477358915,-0.5397356215795426,0.8394291034253378,0.6789969233832114,0.585818677344461,2.501842128577928,1.1020192178730694,-1.2288952340100907,1.3919549088547063,-0.898071441943421,0.6768984664322092,-2.3135049487234887,-0.4121392766044593,-0.5297829432736457,-0.7346856442087618,0.2678541723253617,0.40978876512296775,1.2752855101952154,0.2715856310943825,0.5328674446669764,0.5025341787102916,0.08642272161881764,-0.02900090734002041,-1.9311985797491829,-0.1367069175832118,0.31434371845090114,0.4432848991205939,1.7955565441205679,-1.3933232122676322,0.6887540363991468,0.34600357488107564,1.1334636472296804,1.1287441789019221,1.4665886253010734,0.1882563142813224,0.5211017572523345,-0.25659083323110266,0.31067352007213905,2.1385179461414836,1.5737441370704803,1.251869489548649,0.7486976569918173,1.1672259414369974,-0.05312861009645804,0.6558691709682234,-0.6338124892534718,0.7626877262494207,-0.8115508040817424,0.29538203349103254
1.3190158999399106,-1.1752087832033602,-0.043339742248328005,0.9095541496421236,-1.1855672394441914,-1.449000008687837,1.7692213364768943,2.483486492971805,0.4283397377538442,1.7570929531459545,-0.15151569397032583,-0.692179074637421,1.3362577180242667,0.04697411311301457,-0.8897574505562177,1.0000342843928258,-2.114611579433491,0.21366113575016116,-0.6062896578894901,-1.2047832079789107,-1.8594495716158541,-0.38432098995228653,-0.5094260666004132,-0.9025057804775679,0.027131738414839117,0.500953373412854,-0.23201641034015524,-0.49511701509494926,-1.156871343485565,-0.6397109951326235,-0.4602018147022025,-0.6826437727622484,0.056781691939290536,0.9477044236481816,0.49039982350142736,-1.3795834826142626,-1.648817257137077,-0.7578779941907619,0.7809587317702594,-0.7283741185080739,1.21998681359902,-1.774458756027228,-0.032365015565755426,0.9487253763778684,-1.3604475668555958,-0.42649963212823205,-0.7074257760248619,1.6993617598414883,-1.133551552761048,-0.6097970574558819
-1.2343970982450614,-1.4084464533389818,0.6940783621165475,0.6453843602328646,-0.21803831704695215,0.2524961803151764,0.9929901176194393,0.011154910120635278,-1.3337290053622937,-0.5347338969070392,-0.9433025755298899,0.05197673090088277,-0.2839583192713416,-2.0257694622306666,-0.40689364099569947,-1.0315608315565556,0.05255792659587047,-1.4442667478011748,-1.7589591797511044,0.2568798594604865,0.9034535762035644,0.7973138020783823,-0.2747055613066134,0.3792074789346195,0.20135362292300724,-1.0508850450911884,1.091733216189451,0.868464342118091,-0.5525488858231574,0.7065128800311954,-0.702987376750204,0.5707287318576728,0.40139037946776013,-0.6057886775041634,-1.702851136526118,0.13126206136682889,-0.034163699511268825,0.49719625503872394,0.1374414331441981,-0.5962125983656095,-0.9222693054154122,-0.7539871758948564,-1.004137226074615,-1.7378709670572674,-0.08859930218945647,-0.49280486068611107,0.7113226990704223,-0.9413454535046818,-0.8037636161026432,1.5620425023742366
-0.010887726414403819,0.07090357321975208,0.18786307852375933,1.793533510211422,0.39884771481536285,0.05108931661472015,0.02277290460929095,0.26603693683134727,-0.010148017568370783,-0.7397993170203674,-0.29860904175284525,-0.23136619909546458,0.513076481343143,0.36281407559911705,1.6651819354938344,-0.1121720700826594,-1.7216876059062085,0.07989042688201126,-0.5284112222018875,1.0335754377729798,0.16313158134197506,2.5687140059977773,0.2984002206903292,0.8133871799083159,0.30329103254912465,0.5448898785563454,2.4365753133640604,0.9845806187599937,-1.474632603244975,1.3096075180132325,-0.8351859725916467,0.10612235298158126,1.4872248035259705,-0.265376373303642,-1.7206657540604173,0.36310482157506213,-0.44546567963846045,-1.6563705573177163,-1.4761768821543138,0.38097090103593667,-0.0032830132075644066,-0.5732406746104024,-0.472385920443335,-0.6382326904831004,-0.600753548158407,-2.0553836505261422,-2.49665763686612,0.10648008517462516,-0.541938039705873,-0.02353380599008904
-1.6051615417573595,0.37296486627625686,-1.721401302674109,2.373565458284602,0.14579453667991776,-0.6926134737826516,-1.4643805030863015,0.1965237781068984,-0.8621344019448519,0.9897480958081811,-1.4072656635321614,1.2465076586748398,-0.04233123826605704,0.6628196039793707,-0.7023546634727091,-0.03597677159229474,-0.43122987345627917,1.1512960320198713,1.1859563730018898,-0.7939830817521168,0.301087675719652,0.5490758850380668,1.0685741168972058,0.8808678178099545,0.7682121331788095,-0.9730616030239684,0.15131213904691015,1.2939724787092832,-0.496696922437408,0.136009061872164,1.2864746102599924,0.015347352214751147,0.8798055269936643,1.958275727023228,1.4832309449996963,0.8104652889487269,-0.6247107306365882,-0.7546966469813495,0.10576773195964397,-0.5666573461373078,-0.1379102462180016,-0.5550955310694733,0.19100454956054005,0.6737988604132472,0.20293943584908766,0.06089922758202075,-0.18352641060528227,2.598752795991837,0.6864984933979097,1.3260607116358012
-0.8320806374590831,1.2734292250198689,0.9043346841313712,0.12669295436618339,0.09361117551964322,-1.2161991217233215,-0.0614765030071512,1.0852049560478572,-1.34094404848055,1.5123071180234708,-0.9000663156177519,2.823846027759477,0.36139024805620784,-0.22561700054185613,0.24995873956929124,-1.631035019687784,-0.5830723211688025,-0.16114687925888158,0.3179206662274726,-0.9988755177074621,-1.1646591589378226,0.716955186523503,0.9263973458419801,-1.2870242106459777,-1.6932027088531147,0.8287301304608687,0.2763909844134254,-0.6439879508329425,-0.0874371556796855,-1.9299063617875782,-1.184127706126199,0.5062686425781605,1.6929845983564038,0.3101837092963049,0.716249229515844,-1.1601708046462142,-0.42121761380739414,-0.974640621945007,1.7944276598144708,-0.19144072181798955,-1.6931526609617888,-0.39096617483449003,0.2946515454575142,-0.2715027391717052,-0.17652351915949543,0.10537038428162471,-0.4147836473090637,0.948336718162673,-0.6911596969714084,-0.7414129781276916
0.5612985715950342,-1.2418197978683847,-0.0167596510507319,1.5242142178009324,0.8776623352565672,0.6204514115620393,-1.7361732899344005,-1.3020932256350397,0.0028925064526123304,0.6669096824439256,0.8521795031806513,0.27746890860598095,-1.4325799581810281,0.4874828568672317,0.8570429701606732,-0.349013470602925,0.8363153365395802,-1.034403776953983,-0.6843868986454016,0.6506816675462826,1.132842682898602,-0.1833038409706277,0.015646100132531603,0.24683516887605997,-0.46454324849668144,0.7865535544945089,-1.8014626905297368,1.0452350156974157,-0.34588019097927436,0.5278023270676178,0.5597247599239404,1.2245263838280778,-0.22038491637563593,-0.8636288972968583,-1.4682430943799771,0.6981201422110009,0.033774020843638806,-0.3610839155163979,0.020108336297934917,-0.11916218264136492,-0.0550027381272693,-0.5883725218030609,0.6136793460404627,1.6801725753776928,0.7284585690539233,-0.10833473296241361,0.025814318202981586,0.14474969970409243,-1.24782411475187,-0.7557757593353599
0.6500517136929415,-1.5703022309965144,-0.40871476983623534,0.962326912450405,-0.896111189876771,0.39118821307670687,1.5454561649313001,0.20375203718896828,0.9102258519733392,0.7300576901047102,-0.5858472006914978,0.935871761431511,1.100233154085858,-0.4136531951910435,-0.9593524545536682,1.6737162396059504,0.2192241315322324,1.2720493120146237,-0.3532317173313276,1.2179961782414552,-0.05193487016612543,-0.5161654685087925,-0.522052126718538,0.021972749128303937,-0.24601505394256473,-0.9539397423294882,0.05937981519933211,1.89238981391567,0.6905693161097932,-0.030075800149212815,-1.3832600285060606,-1.6878214684497457,-1.1001458625184712,0.2860371427902862,1.573938535720928,-2.783504684205296,-0.36853880038348485,0.570047202506888,3.0175414698751895,-0.8127367513910657,-1.533097139462313,1.5609962177092813,-1.0541518647445358,-0.5414830036169594,-0.7613975246190091,-0.7063788806897446,-0.833162135224181,-1.928471792961972,-1.5230481276490486,0.013367230299403425
-0.35439402427023786,1.8217648978684475,1.2736287688500156,-0.6854277789911157,-0.701984375027576,0.42155599513417785,0.16270675845355556,-1.3779282072495873,-0.02385459163906327,0.0075368111381921106,0.37984419016243365,-2.084440909114211,0.7405436560173131,1.4361280227224886,0.563472921154481,-0.3213179296337555,-0.45988667799157806,-0.5893811730102564,-0.7882484303449018,-0.14279921048959437,-0.11853102723067159,-0.5455936868421947,-1.16500332195069,0.3729399709806738,-1.1537405442115207,0.6774040119971054,-1.0005618940395302,-0.647026785839328,-0.5764027865100271,0.31790383000525585,0.692144579533898,-0.2788991089806741,0.16005891196760907,-1.2236629480049916,-0.6262493874446446,3.5450344945010754,-0.046689457735666316,-1.4971531375901117,-0.508535859298721,0.5082137682216494,0.5832509691068477,-0.3374977196400655,-0.19092508166482472,1.0165326447482348,1.3298977970221089,0.7130919079670903,0.1040916711436433,-0.27036660367832915,0.35154742116465465,-0.036523840898826244
1.092467776833278,0.18689136133206916,2.224372904651013,-0.8832661781750872,0.7500030325361083,2.396732589278879,-0.3179065610612386,0.3173771693019963,0.30033414613517206,0.8139158288980942,-0.7344689945921066,-0.32974705526470616,-0.32916598183346374,0.37815088486598847,1.6024053065959647,0.4518376572899243,2.375996564975025,0.7851766599432675,0.8732284281689053,-0.5759717858684137,-0.3966670395550494,-0.8856908905791305,1.1450071948073766,2.8135837915961677,0.3965202501301306,0.6686341754091797,-0.3677076057128768,-0.27884675378278384,0.6584028983882644,1.6269013323822048,1.0039766429039665,-0.4207543227579408,-0.6583482859022197,0.06397569580895597,-0.8105254739227764,-0.1961940331002591,-0.8193570521489995,1.5294673551769142,-0.44694931165164775,0.4611855871959692,-2.114995781346811,1.3072046341679113,-1.14858209672543,1.3809384647761742,1.1451799976319603,0.31990433911790844,-0.2306622893885113,-0.4376549495121055,0.39807872327759586,-1.1065422267503568
-0.8795905325724751,0.6338244360780366,1.0293089652105718,-1.2104787779521784,1.353525282248982,0.5135446363955175,-0.9107631494293995,1.0861742345144292,-1.0659622982014378,-0.7433306633026614,-0.1709994084672133,1.7206948162883802,-1.061471024381195,0.34982351970833747,0.7818939956278711,0.755932632093127,1.1351517697348663,1.1946389986215704,-0.6024473647546824,-1.533882353654915,-0.17875146025723346,-0.2713623210201701,-1.225090026343611,0.549305369201917,1.3103157460531545,0.7123479313647887,0.09522349704991129,-1.2657268369068533,-0.7094694849184053,-0.34398973150287954,-0.6233621944698083,1.2134943413363517,-0.5750840490393259,0.7370964779422478,-0.031212286622570175,-0.1248708445532415,0.15580462227941816,0.9268043979645961,-0.859465023598285,-0.15264543497438568,0.8257554894205547,0.8706307656772453,-0.08931379659100117,1.097496177125832,0.04112257349945366,0.7614652303857753,-0.019641913217267416,-0.3857737694415814,0.44026006222143227,0.10461573557848931
-0.2945219808717721,-0.7029196004640739,1.4337069481780664,-0.0831208101372882,-1.4260359760101664,-1.6344745968847632,0.8952766582428989,2.4098917209816917,0.09268840441687773,0.25603941552184883,1.6413537160484537,0.030873202353145692,0.6840766746873982,0.00791421136878742,-0.7486207412151371,0.4250435600083647,-0.5492982882584271,1.7530360800501832,0.5769734959650844,1.0721833340354012,0.1859485012422424,-0.9903982184601087,0.5847384713572829,-0.7273232356298673,0.08300840266158188,0.299577128953808,1.060469065720794,0.3835395706513044,-0.175575065894204,-0.7983138089350638,0.05815191528697468,-1.3378782982008628,-0.20950823166003205,1.5788734723902602,1.2464614013112023,1.0660539618482177,-1.0786826815838064,1.4873480924925562,0.26679352532731787,-0.1555323310643077,1.3069653797571612,-0.013067125575893967,-0.6401079510676224,0.2916084956632959,-1.1320012233434789,0.2947060517090875,-0.058760552911382616,0.20272242452763525,0.19427605711983092,-1.1671670504806446
-1.174458566951982,-0.23905601379024294,-0.9521996837044827,0.938814018324801,-0.885388535281392,-0.6002992232211682,-1.3279533158984484,1.940361441090827,-0.06879133881705955,1.0844879758022958,1.2235125382634884,-0.5350315314323053,-1.3921977827462275,-1.9260400729844582,0.22909736844663697,0.7107874645138046,0.30986939335363556,-0.37193633633570916,-1.817704961489536,1.616636057489229,0.744719940002519,0.2376119618232936,1.2857418674359877,-1.1188427805860657,-0.39698572247602076,-1.7110565003602805,0.2716381574604015,0.5087768429809538,-0.7661178411786048,2.113794686347634,0.9750921361936344,0.04945240820234474,0.5928677478402816,1.3823271497604404,-1.4388064613918654,-0.33466400451481093,1.73769115561622,-0.6710968075257692,0.14240022702253433,-0.15051221867705464,0.5697703544696183,-1.7097841724194804,0.7291627948974325,-1.025254176500635,-0.11307814116338512,-0.9872689203371805,0.8310915533954355,0.04547663261205818,-0.3258207121643103,-0.5608295480871905
0.6070401332259237,1.1191973786117582,-0.969387497977728,0.803480302449247,-0.5290974522336456,1.8757304946435651,0.9408780237039311,-0.05177259084276389,-0.08650503370956053,-0.20379866223041954,-1.0578231311757431,-0.322286935169698,0.8771302044198095,-0.5568400766815977,-0.3953516778697736,-0.06856750094319938,-0.5078697337823446,-0.6395371042552855,-1.4964824491914595,0.9926543400629325,-0.4344297114989136,0.8447656082209085,1.0716469421410402,1.340639138197609,1.1799651924007455,0.45486348546631916,2.1907581499180413,0.06908378735493559,-1.0795902793062215,0.33433738734944407,0.7760641598703799,0.573914274786608,-0.18933317372690747,-1.4823531347656163,-1.9001533370266315,0.4520808851873857,-1.281550298653787,0.5392411684744087,-1.5653468531478048,1.0925478055923137,0.08002358535891864,-1.6369834795705318,-0.07460524085509035,0.9889029725625296,0.9055005245682678,-0.15856634300724023,-1.2250577432751975,-0.1644639153388925,-1.6391743281434312,0.14849808459936226
-0.4800970823058887,1.7558867630905657,-1.1907229500102354,-1.0564114209229158,1.3550948843706252,1.2475542822298296,1.4675185580277987,-0.9198202009652071,0.0793605513527145,0.6181615802583559,-0.052504304233128296,-0.8821104649897232,1.136191192902973,-0.41624960516185977,0.16864288783740136,-0.2198649665150017,0.6280477125516193,-1.640103327449632,-0.4648990767640444,1.0983510560212633,0.761615113471215,0.8254388567448143,-0.6819124458970875,1.3748523335487415,0.7583300024904239,0.3699532269348124,0.8805195636572203,-0.5555455204136784,0.4738962637405655,-0.41606349588761116,0.9706773082209196,-0.5198599111297344,0.6115936119847472,0.016226929866694342,-1.1412128353145066,-0.38648323588082956,0.35071151938124795,-0.32789965601228876,-0.110573327481405,-0.6265513288031523,-0.3451574473666422,0.05673648888259759,0.6619326562533461,-0.5712082802509049,1.0081867218427636,-1.8327347767546047,-0.5540441630372283,0.9528972027505644,1.2919233704376718,0.13571844019120854
0.9198543181263384,1.145576694117987,-1.2766003993971549,0.42384400162894537,1.933951338634667,-2.5441275028687875,-1.2833593073958243,-1.9338901976306853,0.8060445356991167,0.16456235243352232,-0.2817161736195778,0.41111079261639105,-0.693244572546047,-1.6572404342396831,-0.907072927824116,-2.6963291827861173,1.1673401320612908,-1.4515049959676225,-0.08948139930299331,1.5173647824994851,0.14379616591801653,0.27859044344531003,0.6411612535243166,-0.45161246466312077,0.6777817971551444,-0.9699916941483948,-0.8464222527755123,0.2091316237681184,-0.5015427779235845,1.243517701348315,-1.0185500854938945,2.339683068430629,0.686616561991844,-0.8281222415993595,-0.42225057381882447,-1.0390595119573367,0.31751433110259253,-1.7182289392859877,0.13978597911806503,0.6855596843043359,-0.28404101220224753,1.123623981070171,-0.40270569176600385,0.649060075683423,0.9231440684841684,0.5721706413318692,-1.5736774998125986,-1.8443167947384995,-1.4926341333509876,1.0120168104884872
-0.6607541133475936,-1.8158052993232199,-0.5888214699326765,0.05326882373507141,1.467193220877738,0.030279356631468694,0.3622789096279988,-1.0417839595897298,-1.5715577019289069,0.5324361604891485,0.500983762450599,0.21547271050393585,-0.7263460456889472,-0.21687648328748277,1.0078256583056557,-0.4317071945037776,0.37806182702832214,1.8088538988832545,-0.235081379271561,-1.7031372815608639,-0.27597665393035953,0.5884053249248176,0.02068227433613408,0.16119287413349592,1.1454636150349689,-0.6221551080750687,0.13116010961465238,0.6741771644185149,0.36336129505716924,-1.9009642217621088,1.3284017969687605,-0.27322301727801185,-0.1376635132476857,-0.5502604512476937,1.420337248371478,0.6174391599124218,-0.47410990681280696,1.055602009949031,-0.4057252407128058,-0.3524630101304414,-1.5473739017463366,-0.31035563269179633,0.6126674069206071,0.49455144318582867,-2.569959834606872,-1.0979537747208363,0.39632016705441825,0.24688318217584063,0.6076759654984033,-0.554088846479798
1.426339542663249,0.9793855462767638,-0.1269579110153597,1.0053019399948684,0.25588121103360034,-1.6712385079742158,-0.35753677653700183,0.026499316329866043,0.10138598602432457,-0.1000295210483553,1.2238950602828045,1.930480869563742,0.22853558539519456,-0.5244667729163462,1.317129796124316,0.6322820201737999,-0.3706866634148146,-0.5936227886259996,0.09934550282444321,0.11254817989297498,0.44326051378957304,-0.7690312897422753,-0.32110065897272205,-2.3582524478801297,-1.2843299092737306,-0.17767250898716505,1.8938675036186952,1.4642254174684473,-0.7100705329515596,0.23018535495137732,-1.7277958852038762,-0.42512635490873263,-2.446606854134757,0.252292818850591,0.03968842520850682,0.36236569620362813,0.15888815483111882,0.8983783178725184,0.9577173858401287,1.5610751688421398,0.9380021225242055,-0.5504176280902358,-0.6384190102840391,-2.157459746205878,0.40653975886102534,-0.799726795225995,2.279434918467089,-0.8591017310629113,-0.7336752195638283,-0.7220526827743139
-1.0827219500623926,1.6237344784929193,-0.7555234169555005,0.6568342405134678,0.6064952650443612,0.3860788270610751,0.46840131973558513,1.3446506374646923,1.0315639465947866,0.21783967139825308,0.1735660311835416,-1.4657464552887989,0.3292763815919171,-0.03843789146858593,0.7741630364889045,-0.1343579599510763,-0.4304210820681151,-0.10786833204522965,0.8736530197101894,1.134822610473223,0.6141424907555192,-0.3812780220583476,0.5347361243543168,-1.2858436113068494,0.9560088551166964,0.47897431113362193,-1.2627987704968724,1.3472666811614893,0.7935878939522647,1.4961323890007647,0.0660129396034808,-0.06911081634465618,-0.5324294438384994,1.6188163368144026,0.6931072994872143,0.15562718270435089,-0.7699183945643662,0.04148862551162481,-1.5976521055963315,-1.6064488743538277,1.6565092955156355,0.34979209673222234,-1.676138094413118,0.9157612542741259,-2.017703910998426,-0.5566754213630144,-0.548948099557637,-0.5594118687208651,-0.31601090100076934,-0.39225489396289687
0.27891367922171284,-1.354309850609584,-0.061944880353072385,-0.8539745795765059,0.6974089457513027,0.1470514323956125,-1.5239930542378044,1.0877073637485515,-0.8872092330508655,-1.3670539169106932,0.29321247053889904,2.886928689096675,0.38806638915597474,-1.2575340070513272,-2.383291339508911,2.8188954738933214,2.2957791034947195,-1.401780526072451,0.12567697982332024,-1.6135758552957329,-1.6410697953852185,-2.1323391221092107,0.8710407961372026,-0.34976961876856033,-0.41397987638759437,-0.1564505988497441,-0.8282777557769978,-0.1797313592969716,-0.3938171110681767,-0.582763608668557,0.20075567915971065,-0.20466852394333448,-0.252826040568939,0.8992276784196591,-0.9534010319767677,1.0104620156247317,-1.12506883043406,0.4897304184953853,-1.0296909430312913,-1.9310409243443578,0.4686889524285387,0.606276561378622,0.4172306399343029,1.2839707658527633,0.40095657943940705,-0.2611582766545453,0.6826075989452568,0.8402222873208218,1.9019665030815485,-0.9430683912567193
0.04184590610434738,-1.066416574947441,-0.9257867459217424,-0.5938659464323077,1.2235550115271483,-0.8096372934537851,-0.9021775883764893,1.7872889901283666,1.6162942949569155,0.18871063240486496,0.05792217723933545,1.6093907658935176,0.06865908916556743,0.36560923691428376,-0.49509272030088736,1.4591268673474442,0.053887726472806576,-0.9748422348747193,-2.073191287072075,0.4100047803555309,0.44997724052938876,0.3639857930310279,1.4191790107814668,-1.0397490614173108,-0.44971549590935395,-0.9682877441001789,0.7804635514803712,0.054340662980436945,0.3424454849356698,0.7784829504884874,0.7186308312357611,-0.3259461326962677,-0.2224162222834286,0.908991144251117,0.4403975414372067,-2.215345314738451,0.7692688221434476,0.5934947475727489,1.0485657100641743,0.8691580895910798,0.6177515248716454,0.22271100296425062,0.28125485428460134,-0.05790294071205669,0.2043398790571144,0.29129822948199224,-0.11372680209785192,-0.6118516858544238,1.457088101736885,-0.43452865284637326
-0.060113581702111556,1.474384615023902,0.6933216968735891,-1.5878021803387008,-0.4606985040396005,0.4192686347927576,1.0549925447785957,-2.178755832915963,0.2349642359135482,-1.2899861448976941,0.9899590647473759,0.6009059714577257,0.23687234698000892,0.8399800357526235,-1.8616683268723573,-0.3841536181760151,-0.047325280519162516,-0.30662009366289356,-1.0751607896674633,-0.479172136012696,-0.7764706373066805,0.7605129200800523,-0.31068753489435064,-0.5736756386903653,-0.5424721943451359,0.23630724354949162,0.8818862133846217,-1.2345385140563292,0.048903077712856555,0.4336707633968601,-0.710213956901232,-0.5651612343221988,-0.988953192128388,-1.5635002033734753,0.27591567450233395,0.43724559439866395,-2.2895347409736493,0.7357184066454765,-0.9803432648112115,-1.0949998168558945,-0.6404521113829309,-0.49173256200817345,0.8755893392808438,-0.6201440481472592,-0.7839569745948841,-0.7917027122483565,0.6055224463693968,-0.5379851534621313,-0.6475254097238461,0.42978786134268415
0.162569791492415,0.8283898164434002,-0.5206922626674411,0.6360411673289834,-1.7308424285672646,-0.09644607605419105,-1.959827535325157,2.1604732214304687,0.31642917576945323,-0.6940937306747782,-1.3942100393077888,-1.845653812538797,0.5397671224465803,-0.4975497922229892,0.9343845939005192,2.016090094047754,0.9805026793875838,0.5309035978233672,-1.005564862348517,-0.5069364681418547,-0.3043417932471151,0.06657660731179756,0.6849232575164663,0.6818202591013782,2.163502271651119,0.23443202035694533,1.3861828542982384,0.20990159756471277,0.3691609220098992,0.022961005404786246,-1.1774343474045685,1.9161774025425784,-1.3357539974859014,2.6812019294323353,0.9140544912026876,1.9116101411810325,-0.4669657216485106,1.0478416829142567,1.7018385968095868,0.7200543853341602,0.44202651047782354,0.02295762166858166,-0.24558067158304733,-0.42583258659096423,1.0164257263632328,-1.2592264412620044,0.7546734890572934,1.8879707991414345,-0.0076069060508351825,-0.40159108866742693
0.5160355199018094,-0.18264181872736662,1.0107965221453488,2.0841068055027643,0.9502885629116568,-0.7448139290500386,-0.5576497930695827,0.2633671238995544,1.1658364543066515,0.5152666426731302,0.270075545511898,1.138149113522704,0.4901894333999357,-0.3433789793709893,1.444641941945948,-1.229539134970416,0.12640260637094508,0.13025568157507353,0.7239768068112011,-1.190874901009251,-0.5890220314964987,-0.1141392126229715,0.4359003230633835,-1.6512617442607462,-1.6470263540435905,0.7066557943909069,-1.2819752190496134,1.5179934429019888,1.4449084032107828,-0.41405938038376133,0.3588698080821794,-1.725577176130071,-0.07141507270155407,0.28366926344787174,-1.64725013618295,-0.6804051803196915,1.4639045620881532,1.1928386654834544,-1.6827193926840955,0.09855731122982336,0.37178754582014145,0.6420251024539605,-0.21828906730546638,0.4692596626497395,-1.384901108349043,1.0632612515199233,-0.09790460841684397,-0.4500254193930835,0.9873728869651645,0.23822614495183472
-0.48125661957657456,-1.0455708712444314,-2.201660317571738,0.3326031661373461,2.097540541739767,-0.19717266096876793,-1.4862439241090242,0.3797768739143241,1.0113344464942458,0.6632819994626522,-0.4112282918232699,0.8747960125598577,0.10470241476414739,-0.1631060548740101,0.8678513313141664,-0.08170338761987267,-1.1257627138108919,0.00920819851428114,0.9429205879090186,-0.6020229444493246,-0.4374194661739613,1.660611723419122,-1.0895208931643563,0.8830183791615159,-0.6172319373539799,0.7215528143205093,1.6494157830231218,-0.055428926677143116,2.2717319769310156,-1.1278873926776067,-0.06001237387718581,-0.001991373550147723,0.15164209258767036,-0.04067781618341521,-0.3243513483489483,-1.0508942503335703,-1.454539845624589,0.7507463041544504,-1.1603773175983085,-0.9357097228356257,-0.8922290051103055,1.162539678507799,-1.1935719654557972,-0.5817288058232409,0.5832654144985979,0.5038694816545979,0.9763166629797315,-0.4949718256602211,0.49080953305739355,-0.1421859885699759
-0.5605283319680241,-0.6910300838521098,0.8862234364059435,-1.3465320098247693,-1.5667789797736584,-0.21944181434499985,0.9801857772666344,-0.910457809120482,0.516626884290421,-0.6129852076578467,1.1862525340217578,0.9122491337639327,0.38069549612646736,-2.109144655534906,-0.767981474327638,0.9626170547673792,0.7141274542003602,-0.8456945341712111,-1.7951297133405726,0.1191624582327938,-1.029058451198148,-0.39447618111933824,-0.21774874206017897,-0.2576074770557812,-0.8571471467173991,1.1655423506257827,0.7201100486948243,-1.8659635166804185,0.12686898891131831,1.1766781064439662,-0.17049780880562088,-1.8718667512203273,-0.8092193035150262,-1.018097504798348,-0.6832245109610984,-0.1340933345327356,-0.3156617043794486,0.5841847432082844,-0.12281675483576182,-1.1302520985272806,1.1179832857868517,0.6279080001298116,-0.5588844502722864,-0.6288236512101346,0.3488861529082913,-0.00871464484145461,-0.8346815764085376,-1.1382415204222096,0.04505895036505236,-2.1455912257763
-0.5877328096880734,-0.223313434389204,-0.9769739734190511,1.2466840587236108,-0.20693150137588007,1.4603849384844696,-0.5502633563891389,0.11966177082803645,1.7247047742652086,0.017605702177273273,-0.6969135382534168,-0.8138077510267703,0.1958841619915735,0.23989791616494865,-0.47134980970969526,0.9480578614571521,0.48110292918955366,1.257080663747019,-0.9974576542818315,0.4528631332038822,2.1100173198521484,-1.0221902652291717,-0.6594636792832872,-0.4493975250568218,-0.14430119800482155,0.26468862968874923,-0.7942235466314442,1.3063974961382196,1.2188128064263801,0.5375813453595416,1.5130170623421317,-0.4492685017519642,0.35579331494982774,-0.46138872394298225,0.20229937004188384,-0.9970602418038713,2.7186383279573287,0.24698186618085724,-0.2700679735829924,-0.023680628738471456,-1.148130665768396,0.06374578674906259,1.166716189327096,-0.264273008602954,2.941975231930036,-0.17192004492736535,0.1270200340765221,-0.7199565617696089,-0.7111879622560704,0.434618804852572
-1.097285479430565,0.6260084137948388,-0.1039852947741257,-0.6179147344963503,0.39579711430150766,0.50035901230681,0.4474958686429414,-0.10704742321807491,-0.8438814260285432,0.4067517753819254,0.18131442853833163,-0.5050104262314461,-0.9317030121266301,1.6739353152742287,-0.7387454923543506,0.4144402340465346,-0.7431239315932185,2.2479272799320515,1.9800648153883103,0.45841022770831613,-0.3043887829291482,-1.0201124707147173,-0.667888342092466,-0.24027418977107354,0.013833841575919015,-0.8128050956554229,-0.803458301643292,-0.5588033757163455,0.6028651914327784,-0.1680270295199755,0.8668730642711493,0.7375240900769503,-0.20472272498127508,0.7607452244692805,1.4788671963061175,0.13908206774266568,0.2666818271668335,1.4323610411651115,1.1037727293318844,0.46050730973221105,-0.8547903672060522,-0.6999994738430416,0.7746297994330706,0.9609759388644409,0.194082767175862,-1.151511631029911,0.7666712121727342,-0.027022632936702217,0.9112984050462061,-1.6024145315764518
3.0789708153231024,-0.5746771332422856,1.0681620673935475,-1.3276336690830381,-1.2928697298524785,-2.661110026411777,0.5421867980569935,-0.4335799047449103,-0.1356020592780555,-0.39503492453761013,0.013814829835963771,-0.2991666649417834,0.37879723455210856,-0.5414121452918912,0.5207265844105989,-0.7837806570227509,-0.27011077388273,1.0139274446284685,0.4247457742533105,-0.011422664932540669,-0.7730581441186968,-1.2346549517269012,-1.2613192100236792,-2.4213073678032995,-1.5224656146039686,0.7103049461976225,-1.030553248443987,-2.3499661560996414,1.5881851995718148,0.3181389329180756,0.6725212720220652,0.36120373101297265,1.2630402836903485,-0.5038209582933688,-0.31037512232582876,-0.674739132771816,0.23057662691193243,-0.42932491672385403,-0.35395825793092406,1.1194916545261118,-0.9887902249382778,-1.3337535511363587,0.1897506130975984,-1.1653985587930713,0.4840670368510363,-0.9775829906021515,0.12764286787126453,0.19218051733077954,1.446702041511364,-1.418745311085904
1.2665278006052874,0.2707329605488271,0.05041324991655151,-0.553473233462547,-0.15263252188198081,0.5408602993661707,-0.4484823755045217,-0.5028648096384267,-1.1756120221863833,-0.8941429545041671,1.596923408400208,0.4685741794625755,-0.05058594303531689,1.0149295955879511,0.19593064703989874,0.7534561837710072,-0.013497419662112473,-1.2410134920354445,-0.1300915625063554,1.7201557579640145,0.6550190498980953,0.38124636650250393,-1.3651512492193023,1.5125022658335616,1.0076371621546463,0.8879306796300848,-0.28720411011172137,0.19242948142284003,-0.5149726474607889,-0.026080823837082465,-1.4466397985884032,-0.7327702394178903,-1.8058918215206734,1.0855207361505417,-0.0529892305258999,1.044060486458064,-0.32473582905944604,1.1331007247583829,0.45827183616113426,-0.9448420398344836,1.4205330927458462,-0.6209144456156293,-0.6733802868984506,0.9348861929109522,0.6569797077065479,-0.7812994955951781,1.1979002314724931,1.3515025121321393,1.7046032843982302,-0.3739967479815541
